delay,cue_visibility,obs_mode,temporal_mode,dataset_seed,model,memory_span,state_dim,n_train,n_test,action_accuracy
4,visible_state,dense,temporal_full,7015,memoryless_linear,,26,8,4,1.0
4,visible_state,dense,temporal_full,7021,memoryless_linear,,26,8,4,1.0
4,cue_gap,sparse_aliased,temporal_cue_then_blank,8015,memoryless_linear,,12,8,4,0.5
4,cue_gap,sparse_aliased,temporal_cue_then_blank,8015,history_h4,4,48,8,4,1.0
4,cue_gap,sparse_aliased,temporal_cue_then_blank,8015,lin_block_r3_l4,4,72,8,4,1.0
4,cue_gap,sparse_aliased,temporal_cue_then_blank,8015,history_h16,16,192,8,4,1.0
4,cue_gap,sparse_aliased,temporal_cue_then_blank,8015,lin_block_r3_l16,16,216,8,4,1.0
4,cue_gap,sparse_aliased,temporal_cue_then_blank,8015,history_h32,32,384,8,4,1.0
4,cue_gap,sparse_aliased,temporal_cue_then_blank,8015,lin_block_r3_l32,32,408,8,4,1.0
4,cue_gap,sparse_aliased,temporal_cue_then_blank,8015,history_h64,64,768,8,4,1.0
4,cue_gap,sparse_aliased,temporal_cue_then_blank,8015,lin_block_r3_l64,64,792,8,4,1.0
4,cue_gap,sparse_aliased,temporal_cue_then_blank,8015,history_h80,80,960,8,4,1.0
4,cue_gap,sparse_aliased,temporal_cue_then_blank,8015,lin_block_r3_l80,80,984,8,4,1.0
4,cue_gap,sparse_aliased,temporal_cue_then_blank,8015,numpy_rnn_h32,,32,8,4,0.5
4,cue_gap,sparse_aliased,temporal_cue_then_blank,8015,reservoir_nilpotent_h32,,32,8,4,1.0
4,cue_gap,sparse_aliased,temporal_cue_then_blank,8015,numpy_rnn_h128,,128,8,4,0.5
4,cue_gap,sparse_aliased,temporal_cue_then_blank,8015,reservoir_nilpotent_h128,,128,8,4,1.0
4,cue_gap,sparse_aliased,temporal_cue_then_blank,8021,memoryless_linear,,12,8,4,0.5
4,cue_gap,sparse_aliased,temporal_cue_then_blank,8021,history_h4,4,48,8,4,1.0
4,cue_gap,sparse_aliased,temporal_cue_then_blank,8021,lin_block_r3_l4,4,72,8,4,1.0
4,cue_gap,sparse_aliased,temporal_cue_then_blank,8021,history_h16,16,192,8,4,1.0
4,cue_gap,sparse_aliased,temporal_cue_then_blank,8021,lin_block_r3_l16,16,216,8,4,1.0
4,cue_gap,sparse_aliased,temporal_cue_then_blank,8021,history_h32,32,384,8,4,1.0
4,cue_gap,sparse_aliased,temporal_cue_then_blank,8021,lin_block_r3_l32,32,408,8,4,1.0
4,cue_gap,sparse_aliased,temporal_cue_then_blank,8021,history_h64,64,768,8,4,1.0
4,cue_gap,sparse_aliased,temporal_cue_then_blank,8021,lin_block_r3_l64,64,792,8,4,1.0
4,cue_gap,sparse_aliased,temporal_cue_then_blank,8021,history_h80,80,960,8,4,1.0
4,cue_gap,sparse_aliased,temporal_cue_then_blank,8021,lin_block_r3_l80,80,984,8,4,1.0
4,cue_gap,sparse_aliased,temporal_cue_then_blank,8021,numpy_rnn_h32,,32,8,4,0.5
4,cue_gap,sparse_aliased,temporal_cue_then_blank,8021,reservoir_nilpotent_h32,,32,8,4,1.0
4,cue_gap,sparse_aliased,temporal_cue_then_blank,8021,numpy_rnn_h128,,128,8,4,0.5
4,cue_gap,sparse_aliased,temporal_cue_then_blank,8021,reservoir_nilpotent_h128,,128,8,4,1.0
16,visible_state,dense,temporal_full,7027,memoryless_linear,,74,43,17,1.0
16,visible_state,dense,temporal_full,7033,memoryless_linear,,74,43,17,1.0
16,cue_gap,sparse_aliased,temporal_cue_then_blank,8027,memoryless_linear,,12,43,17,0.5294117647058824
16,cue_gap,sparse_aliased,temporal_cue_then_blank,8027,history_h4,4,48,43,17,0.5294117647058824
16,cue_gap,sparse_aliased,temporal_cue_then_blank,8027,lin_block_r3_l4,4,72,43,17,0.5294117647058824
16,cue_gap,sparse_aliased,temporal_cue_then_blank,8027,history_h16,16,192,43,17,1.0
16,cue_gap,sparse_aliased,temporal_cue_then_blank,8027,lin_block_r3_l16,16,216,43,17,1.0
16,cue_gap,sparse_aliased,temporal_cue_then_blank,8027,history_h32,32,384,43,17,1.0
16,cue_gap,sparse_aliased,temporal_cue_then_blank,8027,lin_block_r3_l32,32,408,43,17,1.0
16,cue_gap,sparse_aliased,temporal_cue_then_blank,8027,history_h64,64,768,43,17,1.0
16,cue_gap,sparse_aliased,temporal_cue_then_blank,8027,lin_block_r3_l64,64,792,43,17,1.0
16,cue_gap,sparse_aliased,temporal_cue_then_blank,8027,history_h80,80,960,43,17,1.0
16,cue_gap,sparse_aliased,temporal_cue_then_blank,8027,lin_block_r3_l80,80,984,43,17,1.0
16,cue_gap,sparse_aliased,temporal_cue_then_blank,8027,numpy_rnn_h32,,32,43,17,0.5294117647058824
16,cue_gap,sparse_aliased,temporal_cue_then_blank,8027,reservoir_nilpotent_h32,,32,43,17,0.6470588235294118
16,cue_gap,sparse_aliased,temporal_cue_then_blank,8027,numpy_rnn_h128,,128,43,17,0.5294117647058824
16,cue_gap,sparse_aliased,temporal_cue_then_blank,8027,reservoir_nilpotent_h128,,128,43,17,0.8823529411764706
16,cue_gap,sparse_aliased,temporal_cue_then_blank,8033,memoryless_linear,,12,43,17,0.5294117647058824
16,cue_gap,sparse_aliased,temporal_cue_then_blank,8033,history_h4,4,48,43,17,0.5294117647058824
16,cue_gap,sparse_aliased,temporal_cue_then_blank,8033,lin_block_r3_l4,4,72,43,17,0.5294117647058824
16,cue_gap,sparse_aliased,temporal_cue_then_blank,8033,history_h16,16,192,43,17,1.0
16,cue_gap,sparse_aliased,temporal_cue_then_blank,8033,lin_block_r3_l16,16,216,43,17,1.0
16,cue_gap,sparse_aliased,temporal_cue_then_blank,8033,history_h32,32,384,43,17,1.0
16,cue_gap,sparse_aliased,temporal_cue_then_blank,8033,lin_block_r3_l32,32,408,43,17,1.0
16,cue_gap,sparse_aliased,temporal_cue_then_blank,8033,history_h64,64,768,43,17,1.0
16,cue_gap,sparse_aliased,temporal_cue_then_blank,8033,lin_block_r3_l64,64,792,43,17,1.0
16,cue_gap,sparse_aliased,temporal_cue_then_blank,8033,history_h80,80,960,43,17,1.0
16,cue_gap,sparse_aliased,temporal_cue_then_blank,8033,lin_block_r3_l80,80,984,43,17,1.0
16,cue_gap,sparse_aliased,temporal_cue_then_blank,8033,numpy_rnn_h32,,32,43,17,0.5294117647058824
16,cue_gap,sparse_aliased,temporal_cue_then_blank,8033,reservoir_nilpotent_h32,,32,43,17,0.8235294117647058
16,cue_gap,sparse_aliased,temporal_cue_then_blank,8033,numpy_rnn_h128,,128,43,17,0.47058823529411764
16,cue_gap,sparse_aliased,temporal_cue_then_blank,8033,reservoir_nilpotent_h128,,128,43,17,0.9411764705882353
32,visible_state,dense,temporal_full,7043,memoryless_linear,,138,87,37,1.0
32,visible_state,dense,temporal_full,7049,memoryless_linear,,138,87,37,1.0
32,cue_gap,sparse_aliased,temporal_cue_then_blank,8043,memoryless_linear,,12,87,37,0.5135135135135135
32,cue_gap,sparse_aliased,temporal_cue_then_blank,8043,history_h4,4,48,87,37,0.5135135135135135
32,cue_gap,sparse_aliased,temporal_cue_then_blank,8043,lin_block_r3_l4,4,72,87,37,0.5135135135135135
32,cue_gap,sparse_aliased,temporal_cue_then_blank,8043,history_h16,16,192,87,37,0.5135135135135135
32,cue_gap,sparse_aliased,temporal_cue_then_blank,8043,lin_block_r3_l16,16,216,87,37,0.5405405405405406
32,cue_gap,sparse_aliased,temporal_cue_then_blank,8043,history_h32,32,384,87,37,1.0
32,cue_gap,sparse_aliased,temporal_cue_then_blank,8043,lin_block_r3_l32,32,408,87,37,1.0
32,cue_gap,sparse_aliased,temporal_cue_then_blank,8043,history_h64,64,768,87,37,1.0
32,cue_gap,sparse_aliased,temporal_cue_then_blank,8043,lin_block_r3_l64,64,792,87,37,1.0
32,cue_gap,sparse_aliased,temporal_cue_then_blank,8043,history_h80,80,960,87,37,1.0
32,cue_gap,sparse_aliased,temporal_cue_then_blank,8043,lin_block_r3_l80,80,984,87,37,1.0
32,cue_gap,sparse_aliased,temporal_cue_then_blank,8043,numpy_rnn_h32,,32,87,37,0.2702702702702703
32,cue_gap,sparse_aliased,temporal_cue_then_blank,8043,reservoir_nilpotent_h32,,32,87,37,0.7297297297297297
32,cue_gap,sparse_aliased,temporal_cue_then_blank,8043,numpy_rnn_h128,,128,87,37,0.5135135135135135
32,cue_gap,sparse_aliased,temporal_cue_then_blank,8043,reservoir_nilpotent_h128,,128,87,37,0.7567567567567568
32,cue_gap,sparse_aliased,temporal_cue_then_blank,8049,memoryless_linear,,12,87,37,0.5135135135135135
32,cue_gap,sparse_aliased,temporal_cue_then_blank,8049,history_h4,4,48,87,37,0.5135135135135135
32,cue_gap,sparse_aliased,temporal_cue_then_blank,8049,lin_block_r3_l4,4,72,87,37,0.5135135135135135
32,cue_gap,sparse_aliased,temporal_cue_then_blank,8049,history_h16,16,192,87,37,0.5405405405405406
32,cue_gap,sparse_aliased,temporal_cue_then_blank,8049,lin_block_r3_l16,16,216,87,37,0.6216216216216216
32,cue_gap,sparse_aliased,temporal_cue_then_blank,8049,history_h32,32,384,87,37,1.0
32,cue_gap,sparse_aliased,temporal_cue_then_blank,8049,lin_block_r3_l32,32,408,87,37,1.0
32,cue_gap,sparse_aliased,temporal_cue_then_blank,8049,history_h64,64,768,87,37,1.0
32,cue_gap,sparse_aliased,temporal_cue_then_blank,8049,lin_block_r3_l64,64,792,87,37,1.0
32,cue_gap,sparse_aliased,temporal_cue_then_blank,8049,history_h80,80,960,87,37,1.0
32,cue_gap,sparse_aliased,temporal_cue_then_blank,8049,lin_block_r3_l80,80,984,87,37,1.0
32,cue_gap,sparse_aliased,temporal_cue_then_blank,8049,numpy_rnn_h32,,32,87,37,0.5135135135135135
32,cue_gap,sparse_aliased,temporal_cue_then_blank,8049,reservoir_nilpotent_h32,,32,87,37,0.5675675675675675
32,cue_gap,sparse_aliased,temporal_cue_then_blank,8049,numpy_rnn_h128,,128,87,37,0.5135135135135135
32,cue_gap,sparse_aliased,temporal_cue_then_blank,8049,reservoir_nilpotent_h128,,128,87,37,0.7567567567567568
64,visible_state,dense,temporal_full,7075,memoryless_linear,,266,176,76,1.0
64,visible_state,dense,temporal_full,7081,memoryless_linear,,266,176,76,1.0
64,cue_gap,sparse_aliased,temporal_cue_then_blank,8075,memoryless_linear,,12,176,76,0.5
64,cue_gap,sparse_aliased,temporal_cue_then_blank,8075,history_h4,4,48,176,76,0.5
64,cue_gap,sparse_aliased,temporal_cue_then_blank,8075,lin_block_r3_l4,4,72,176,76,0.5
64,cue_gap,sparse_aliased,temporal_cue_then_blank,8075,history_h16,16,192,176,76,0.5
64,cue_gap,sparse_aliased,temporal_cue_then_blank,8075,lin_block_r3_l16,16,216,176,76,0.5
64,cue_gap,sparse_aliased,temporal_cue_then_blank,8075,history_h32,32,384,176,76,0.5
64,cue_gap,sparse_aliased,temporal_cue_then_blank,8075,lin_block_r3_l32,32,408,176,76,0.5131578947368421
64,cue_gap,sparse_aliased,temporal_cue_then_blank,8075,history_h64,64,768,176,76,1.0
64,cue_gap,sparse_aliased,temporal_cue_then_blank,8075,lin_block_r3_l64,64,792,176,76,0.9868421052631579
64,cue_gap,sparse_aliased,temporal_cue_then_blank,8075,history_h80,80,960,176,76,1.0
64,cue_gap,sparse_aliased,temporal_cue_then_blank,8075,lin_block_r3_l80,80,984,176,76,1.0
64,cue_gap,sparse_aliased,temporal_cue_then_blank,8075,numpy_rnn_h32,,32,176,76,0.5
64,cue_gap,sparse_aliased,temporal_cue_then_blank,8075,reservoir_nilpotent_h32,,32,176,76,0.4342105263157895
64,cue_gap,sparse_aliased,temporal_cue_then_blank,8075,numpy_rnn_h128,,128,176,76,0.5
64,cue_gap,sparse_aliased,temporal_cue_then_blank,8075,reservoir_nilpotent_h128,,128,176,76,0.7894736842105263
64,cue_gap,sparse_aliased,temporal_cue_then_blank,8081,memoryless_linear,,12,176,76,0.5
64,cue_gap,sparse_aliased,temporal_cue_then_blank,8081,history_h4,4,48,176,76,0.5
64,cue_gap,sparse_aliased,temporal_cue_then_blank,8081,lin_block_r3_l4,4,72,176,76,0.5
64,cue_gap,sparse_aliased,temporal_cue_then_blank,8081,history_h16,16,192,176,76,0.5
64,cue_gap,sparse_aliased,temporal_cue_then_blank,8081,lin_block_r3_l16,16,216,176,76,0.5
64,cue_gap,sparse_aliased,temporal_cue_then_blank,8081,history_h32,32,384,176,76,0.5263157894736842
64,cue_gap,sparse_aliased,temporal_cue_then_blank,8081,lin_block_r3_l32,32,408,176,76,0.5263157894736842
64,cue_gap,sparse_aliased,temporal_cue_then_blank,8081,history_h64,64,768,176,76,1.0
64,cue_gap,sparse_aliased,temporal_cue_then_blank,8081,lin_block_r3_l64,64,792,176,76,1.0
64,cue_gap,sparse_aliased,temporal_cue_then_blank,8081,history_h80,80,960,176,76,1.0
64,cue_gap,sparse_aliased,temporal_cue_then_blank,8081,lin_block_r3_l80,80,984,176,76,1.0
64,cue_gap,sparse_aliased,temporal_cue_then_blank,8081,numpy_rnn_h32,,32,176,76,0.5
64,cue_gap,sparse_aliased,temporal_cue_then_blank,8081,reservoir_nilpotent_h32,,32,176,76,0.42105263157894735
64,cue_gap,sparse_aliased,temporal_cue_then_blank,8081,numpy_rnn_h128,,128,176,76,0.5
64,cue_gap,sparse_aliased,temporal_cue_then_blank,8081,reservoir_nilpotent_h128,,128,176,76,0.7631578947368421
80,visible_state,dense,temporal_full,7091,memoryless_linear,,330,221,95,1.0
80,visible_state,dense,temporal_full,7097,memoryless_linear,,330,221,95,1.0
80,cue_gap,sparse_aliased,temporal_cue_then_blank,8091,memoryless_linear,,12,221,95,0.49473684210526314
80,cue_gap,sparse_aliased,temporal_cue_then_blank,8091,history_h4,4,48,221,95,0.49473684210526314
80,cue_gap,sparse_aliased,temporal_cue_then_blank,8091,lin_block_r3_l4,4,72,221,95,0.49473684210526314
80,cue_gap,sparse_aliased,temporal_cue_then_blank,8091,history_h16,16,192,221,95,0.49473684210526314
80,cue_gap,sparse_aliased,temporal_cue_then_blank,8091,lin_block_r3_l16,16,216,221,95,0.49473684210526314
80,cue_gap,sparse_aliased,temporal_cue_then_blank,8091,history_h32,32,384,221,95,0.49473684210526314
80,cue_gap,sparse_aliased,temporal_cue_then_blank,8091,lin_block_r3_l32,32,408,221,95,0.49473684210526314
80,cue_gap,sparse_aliased,temporal_cue_then_blank,8091,history_h64,64,768,221,95,0.6526315789473685
80,cue_gap,sparse_aliased,temporal_cue_then_blank,8091,lin_block_r3_l64,64,792,221,95,0.6736842105263158
80,cue_gap,sparse_aliased,temporal_cue_then_blank,8091,history_h80,80,960,221,95,1.0
80,cue_gap,sparse_aliased,temporal_cue_then_blank,8091,lin_block_r3_l80,80,984,221,95,1.0
80,cue_gap,sparse_aliased,temporal_cue_then_blank,8091,numpy_rnn_h32,,32,221,95,0.49473684210526314
80,cue_gap,sparse_aliased,temporal_cue_then_blank,8091,reservoir_nilpotent_h32,,32,221,95,0.45263157894736844
80,cue_gap,sparse_aliased,temporal_cue_then_blank,8091,numpy_rnn_h128,,128,221,95,0.49473684210526314
80,cue_gap,sparse_aliased,temporal_cue_then_blank,8091,reservoir_nilpotent_h128,,128,221,95,0.43157894736842106
80,cue_gap,sparse_aliased,temporal_cue_then_blank,8097,memoryless_linear,,12,221,95,0.49473684210526314
80,cue_gap,sparse_aliased,temporal_cue_then_blank,8097,history_h4,4,48,221,95,0.49473684210526314
80,cue_gap,sparse_aliased,temporal_cue_then_blank,8097,lin_block_r3_l4,4,72,221,95,0.49473684210526314
80,cue_gap,sparse_aliased,temporal_cue_then_blank,8097,history_h16,16,192,221,95,0.49473684210526314
80,cue_gap,sparse_aliased,temporal_cue_then_blank,8097,lin_block_r3_l16,16,216,221,95,0.49473684210526314
80,cue_gap,sparse_aliased,temporal_cue_then_blank,8097,history_h32,32,384,221,95,0.43157894736842106
80,cue_gap,sparse_aliased,temporal_cue_then_blank,8097,lin_block_r3_l32,32,408,221,95,0.49473684210526314
80,cue_gap,sparse_aliased,temporal_cue_then_blank,8097,history_h64,64,768,221,95,0.6421052631578947
80,cue_gap,sparse_aliased,temporal_cue_then_blank,8097,lin_block_r3_l64,64,792,221,95,0.6526315789473685
80,cue_gap,sparse_aliased,temporal_cue_then_blank,8097,history_h80,80,960,221,95,1.0
80,cue_gap,sparse_aliased,temporal_cue_then_blank,8097,lin_block_r3_l80,80,984,221,95,0.9894736842105263
80,cue_gap,sparse_aliased,temporal_cue_then_blank,8097,numpy_rnn_h32,,32,221,95,0.49473684210526314
80,cue_gap,sparse_aliased,temporal_cue_then_blank,8097,reservoir_nilpotent_h32,,32,221,95,0.45263157894736844
80,cue_gap,sparse_aliased,temporal_cue_then_blank,8097,numpy_rnn_h128,,128,221,95,0.49473684210526314
80,cue_gap,sparse_aliased,temporal_cue_then_blank,8097,reservoir_nilpotent_h128,,128,221,95,0.4105263157894737
