task,obs_mode,temporal_mode,action_input,action_embedding_dim,best_memoryless_accuracy,best_recurrent_model,best_recurrent_accuracy,memory_advantage
aliased_loop_rooms,gaussian_sensory,temporal_cue_then_blank,embedding,8,0.45,reservoir_diagonal,0.6,0.14999999999999997
aliased_loop_rooms,gaussian_sensory,temporal_cue_then_blank,none,0,0.35,reservoir_diagonal,0.4666666666666666,0.11666666666666664
aliased_loop_rooms,gaussian_sensory,temporal_cue_then_blank,one_hot,0,0.45,reservoir_diagonal,0.5499999999999999,0.09999999999999992
aliased_loop_rooms,gaussian_sensory,temporal_dropout,embedding,8,0.30000000000000004,lin_block_r3_l2,0.4,0.09999999999999998
aliased_loop_rooms,gaussian_sensory,temporal_dropout,none,0,0.30000000000000004,reservoir_low_rank,0.35000000000000003,0.04999999999999999
aliased_loop_rooms,gaussian_sensory,temporal_dropout,one_hot,0,0.30000000000000004,numpy_rnn,0.45,0.14999999999999997
aliased_loop_rooms,gaussian_sensory,temporal_full,embedding,8,0.5,reservoir_diagonal,0.5499999999999999,0.04999999999999993
aliased_loop_rooms,gaussian_sensory,temporal_full,none,0,0.55,lin_block_r1_l2,0.44999999999999996,-0.10000000000000009
aliased_loop_rooms,gaussian_sensory,temporal_full,one_hot,0,0.5,lin_block_r1_l2,0.5,0.0
aliased_rooms,gaussian_sensory,temporal_cue_then_blank,embedding,8,0.5666666666666667,lin_block_r3_l8,0.8,0.2333333333333334
aliased_rooms,gaussian_sensory,temporal_cue_then_blank,none,0,0.5666666666666667,lin_block_r1_l4,0.8666666666666667,0.30000000000000004
aliased_rooms,gaussian_sensory,temporal_cue_then_blank,one_hot,0,0.5666666666666667,lin_block_r5_l8,0.7666666666666666,0.19999999999999996
aliased_rooms,gaussian_sensory,temporal_dropout,embedding,8,0.5333333333333333,lin_block_r5_l4,0.8,0.2666666666666667
aliased_rooms,gaussian_sensory,temporal_dropout,none,0,0.7,numpy_rnn,0.7666666666666666,0.06666666666666665
aliased_rooms,gaussian_sensory,temporal_dropout,one_hot,0,0.5333333333333333,lin_block_r3_l4,0.8,0.2666666666666667
aliased_rooms,gaussian_sensory,temporal_full,embedding,8,0.6666666666666666,lin_sequence_front_bands_r1_l8,0.7999999999999999,0.1333333333333333
aliased_rooms,gaussian_sensory,temporal_full,none,0,0.7333333333333334,lin_block_r1_l8,0.8333333333333334,0.09999999999999998
aliased_rooms,gaussian_sensory,temporal_full,one_hot,0,0.6666666666666666,lin_block_r1_l8,0.8333333333333334,0.16666666666666674
aliased_t_maze,gaussian_sensory,temporal_cue_then_blank,embedding,8,0.5,lin_block_r1_l8,1.0,0.5
aliased_t_maze,gaussian_sensory,temporal_cue_then_blank,none,0,0.6666666666666666,lin_block_r1_l8,1.0,0.33333333333333337
aliased_t_maze,gaussian_sensory,temporal_cue_then_blank,one_hot,0,0.5,lin_block_r1_l8,1.0,0.5
aliased_t_maze,gaussian_sensory,temporal_dropout,embedding,8,0.5,lin_block_r3_l8,1.0,0.5
aliased_t_maze,gaussian_sensory,temporal_dropout,none,0,0.41666666666666663,lin_block_r3_l8,1.0,0.5833333333333334
aliased_t_maze,gaussian_sensory,temporal_dropout,one_hot,0,0.5,lin_block_r3_l8,1.0,0.5
aliased_t_maze,gaussian_sensory,temporal_full,embedding,8,0.5833333333333333,lin_block_r1_l8,1.0,0.41666666666666674
aliased_t_maze,gaussian_sensory,temporal_full,none,0,0.5833333333333333,lin_block_r1_l8,1.0,0.41666666666666674
aliased_t_maze,gaussian_sensory,temporal_full,one_hot,0,0.5833333333333333,lin_block_r1_l8,1.0,0.41666666666666674
bottleneck_rooms,gaussian_sensory,temporal_cue_then_blank,embedding,8,0.5333333333333333,reservoir_diagonal,0.7555555555555555,0.2222222222222222
bottleneck_rooms,gaussian_sensory,temporal_cue_then_blank,none,0,0.4666666666666667,lin_block_r1_l4,0.7,0.23333333333333328
bottleneck_rooms,gaussian_sensory,temporal_cue_then_blank,one_hot,0,0.5333333333333333,lin_sequence_front_bands_r1_l4,0.7555555555555555,0.2222222222222222
bottleneck_rooms,gaussian_sensory,temporal_dropout,embedding,8,0.6666666666666666,lin_block_r1_l8,0.7666666666666666,0.09999999999999998
bottleneck_rooms,gaussian_sensory,temporal_dropout,none,0,0.6333333333333333,lin_block_r3_l8,0.7,0.06666666666666665
bottleneck_rooms,gaussian_sensory,temporal_dropout,one_hot,0,0.6666666666666666,lin_block_r1_l8,0.7666666666666666,0.09999999999999998
bottleneck_rooms,gaussian_sensory,temporal_full,embedding,8,0.7333333333333334,lin_block_r3_l4,0.7,-0.03333333333333344
bottleneck_rooms,gaussian_sensory,temporal_full,none,0,0.7,lin_block_r3_l4,0.7,0.0
bottleneck_rooms,gaussian_sensory,temporal_full,one_hot,0,0.7333333333333334,reservoir_diagonal,0.7888888888888889,0.05555555555555547
clamped_lattice,gaussian_sensory,temporal_cue_then_blank,embedding,8,0.75,lin_block_r1_l4,0.9772727272727273,0.2272727272727273
clamped_lattice,gaussian_sensory,temporal_cue_then_blank,none,0,0.75,lin_block_r1_l4,0.9090909090909091,0.15909090909090906
clamped_lattice,gaussian_sensory,temporal_cue_then_blank,one_hot,0,0.75,lin_block_r1_l4,0.9772727272727273,0.2272727272727273
clamped_lattice,gaussian_sensory,temporal_dropout,embedding,8,0.7727272727272727,lin_block_r1_l2,0.7954545454545454,0.022727272727272707
clamped_lattice,gaussian_sensory,temporal_dropout,none,0,0.75,numpy_rnn,0.75,0.0
clamped_lattice,gaussian_sensory,temporal_dropout,one_hot,0,0.7727272727272727,lin_block_r1_l2,0.7954545454545454,0.022727272727272707
clamped_lattice,gaussian_sensory,temporal_full,embedding,8,0.7727272727272727,lin_block_r1_l2,0.7954545454545454,0.022727272727272707
clamped_lattice,gaussian_sensory,temporal_full,none,0,0.7954545454545454,lin_block_r1_l4,0.7954545454545454,0.0
clamped_lattice,gaussian_sensory,temporal_full,one_hot,0,0.7727272727272727,lin_sequence_front_bands_r1_l8,0.8030303030303031,0.030303030303030387
landmark_gap_detour,gaussian_sensory,temporal_cue_then_blank,embedding,8,0.5,lin_block_r1_l8,1.0,0.5
landmark_gap_detour,gaussian_sensory,temporal_cue_then_blank,none,0,0.3333333333333333,lin_sequence_front_bands_r5_l8,0.8333333333333334,0.5
landmark_gap_detour,gaussian_sensory,temporal_cue_then_blank,one_hot,0,0.5,lin_block_r1_l8,0.9166666666666667,0.41666666666666674
landmark_gap_detour,gaussian_sensory,temporal_dropout,embedding,8,0.5,lin_block_r1_l8,0.8333333333333333,0.33333333333333326
landmark_gap_detour,gaussian_sensory,temporal_dropout,none,0,0.5,lin_block_r3_l8,0.8333333333333333,0.33333333333333326
landmark_gap_detour,gaussian_sensory,temporal_dropout,one_hot,0,0.5833333333333333,reservoir_nilpotent,0.7777777777777777,0.19444444444444442
landmark_gap_detour,gaussian_sensory,temporal_full,embedding,8,0.6666666666666666,lin_block_r1_l2,1.0,0.33333333333333337
landmark_gap_detour,gaussian_sensory,temporal_full,none,0,0.5,lin_block_r3_l8,1.0,0.5
landmark_gap_detour,gaussian_sensory,temporal_full,one_hot,0,0.75,lin_block_r1_l2,1.0,0.25
room_graph_bottleneck,gaussian_sensory,temporal_cue_then_blank,embedding,8,0.65625,reservoir_diagonal,0.8090277777777778,0.1527777777777778
room_graph_bottleneck,gaussian_sensory,temporal_cue_then_blank,none,0,0.6041666666666667,reservoir_diagonal,0.6388888888888888,0.0347222222222221
room_graph_bottleneck,gaussian_sensory,temporal_cue_then_blank,one_hot,0,0.65625,reservoir_diagonal,0.7881944444444443,0.1319444444444443
room_graph_bottleneck,gaussian_sensory,temporal_dropout,embedding,8,0.6666666666666666,reservoir_diagonal,0.7465277777777777,0.07986111111111105
room_graph_bottleneck,gaussian_sensory,temporal_dropout,none,0,0.6875,reservoir_diagonal,0.6805555555555557,-0.006944444444444309
room_graph_bottleneck,gaussian_sensory,temporal_dropout,one_hot,0,0.6666666666666666,reservoir_diagonal,0.7847222222222223,0.11805555555555569
room_graph_bottleneck,gaussian_sensory,temporal_full,embedding,8,0.7395833333333333,numpy_rnn,0.84375,0.10416666666666674
room_graph_bottleneck,gaussian_sensory,temporal_full,none,0,0.71875,reservoir_diagonal,0.8159722222222222,0.09722222222222221
room_graph_bottleneck,gaussian_sensory,temporal_full,one_hot,0,0.7395833333333333,reservoir_diagonal,0.8055555555555555,0.06597222222222221
room_graph_loop_rich,gaussian_sensory,temporal_cue_then_blank,embedding,8,0.532258064516129,reservoir_diagonal,0.6344086021505376,0.10215053763440862
room_graph_loop_rich,gaussian_sensory,temporal_cue_then_blank,none,0,0.4193548387096774,numpy_rnn,0.4838709677419355,0.06451612903225812
room_graph_loop_rich,gaussian_sensory,temporal_cue_then_blank,one_hot,0,0.532258064516129,reservoir_diagonal,0.6827956989247311,0.15053763440860213
room_graph_loop_rich,gaussian_sensory,temporal_dropout,embedding,8,0.596774193548387,lin_block_r1_l2,0.6451612903225806,0.048387096774193616
room_graph_loop_rich,gaussian_sensory,temporal_dropout,none,0,0.564516129032258,lin_block_r1_l2,0.564516129032258,0.0
room_graph_loop_rich,gaussian_sensory,temporal_dropout,one_hot,0,0.596774193548387,lin_block_r1_l2,0.6451612903225806,0.048387096774193616
room_graph_loop_rich,gaussian_sensory,temporal_full,embedding,8,0.7258064516129032,reservoir_diagonal,0.6989247311827956,-0.026881720430107614
room_graph_loop_rich,gaussian_sensory,temporal_full,none,0,0.6774193548387096,reservoir_diagonal,0.7043010752688171,0.026881720430107503
room_graph_loop_rich,gaussian_sensory,temporal_full,one_hot,0,0.7258064516129032,reservoir_diagonal,0.6989247311827956,-0.026881720430107614
room_graph_tree_like,gaussian_sensory,temporal_cue_then_blank,embedding,8,0.5714285714285714,lin_block_r3_l2,0.7410714285714286,0.1696428571428572
room_graph_tree_like,gaussian_sensory,temporal_cue_then_blank,none,0,0.3214285714285714,reservoir_diagonal,0.4880952380952381,0.16666666666666669
room_graph_tree_like,gaussian_sensory,temporal_cue_then_blank,one_hot,0,0.5714285714285714,lin_block_r3_l2,0.75,0.1785714285714286
room_graph_tree_like,gaussian_sensory,temporal_dropout,embedding,8,0.6517857142857143,lin_block_r3_l2,0.7410714285714286,0.0892857142857143
room_graph_tree_like,gaussian_sensory,temporal_dropout,none,0,0.5446428571428572,lin_block_r3_l2,0.6339285714285714,0.08928571428571419
room_graph_tree_like,gaussian_sensory,temporal_dropout,one_hot,0,0.6517857142857143,lin_block_r3_l2,0.7321428571428572,0.0803571428571429
room_graph_tree_like,gaussian_sensory,temporal_full,embedding,8,0.75,reservoir_diagonal,0.7589285714285715,0.008928571428571508
room_graph_tree_like,gaussian_sensory,temporal_full,none,0,0.75,reservoir_diagonal,0.7589285714285713,0.008928571428571286
room_graph_tree_like,gaussian_sensory,temporal_full,one_hot,0,0.75,reservoir_diagonal,0.7648809523809524,0.014880952380952439
shortcut_route_choice,gaussian_sensory,temporal_cue_then_blank,embedding,8,0.6,lin_block_r1_l8,1.0,0.4
shortcut_route_choice,gaussian_sensory,temporal_cue_then_blank,none,0,0.4,lin_block_r1_l8,1.0,0.6
shortcut_route_choice,gaussian_sensory,temporal_cue_then_blank,one_hot,0,0.6,lin_block_r1_l8,1.0,0.4
shortcut_route_choice,gaussian_sensory,temporal_dropout,embedding,8,0.7,lin_block_r1_l8,1.0,0.30000000000000004
shortcut_route_choice,gaussian_sensory,temporal_dropout,none,0,0.7,lin_block_r1_l8,1.0,0.30000000000000004
shortcut_route_choice,gaussian_sensory,temporal_dropout,one_hot,0,0.7,lin_block_r1_l8,1.0,0.30000000000000004
shortcut_route_choice,gaussian_sensory,temporal_full,embedding,8,0.7,lin_block_r1_l8,1.0,0.30000000000000004
shortcut_route_choice,gaussian_sensory,temporal_full,none,0,0.6,lin_block_r1_l8,1.0,0.4
shortcut_route_choice,gaussian_sensory,temporal_full,one_hot,0,0.7,lin_block_r1_l4,1.0,0.30000000000000004
shortcut_tree_025,gaussian_sensory,temporal_cue_then_blank,embedding,8,0.9111111111111112,numpy_rnn,0.9277777777777778,0.016666666666666607
shortcut_tree_025,gaussian_sensory,temporal_cue_then_blank,none,0,0.9111111111111112,numpy_rnn,0.9277777777777778,0.016666666666666607
shortcut_tree_025,gaussian_sensory,temporal_cue_then_blank,one_hot,0,0.9111111111111112,numpy_rnn,0.9277777777777778,0.016666666666666607
shortcut_tree_025,gaussian_sensory,temporal_dropout,embedding,8,0.9277777777777778,lin_sequence_front_bands_r1_l4,0.9296296296296297,0.0018518518518518823
shortcut_tree_025,gaussian_sensory,temporal_dropout,none,0,0.9277777777777778,reservoir_block_hybrid,0.9296296296296297,0.0018518518518518823
shortcut_tree_025,gaussian_sensory,temporal_dropout,one_hot,0,0.9277777777777778,reservoir_diagonal,0.9314814814814816,0.0037037037037037646
shortcut_tree_025,gaussian_sensory,temporal_full,embedding,8,0.9277777777777778,lin_sequence_all_units_r3_l4,0.9277777777777779,1.1102230246251565e-16
shortcut_tree_025,gaussian_sensory,temporal_full,none,0,0.9277777777777778,lin_sequence_all_units_r3_l4,0.9296296296296297,0.0018518518518518823
shortcut_tree_025,gaussian_sensory,temporal_full,one_hot,0,0.9277777777777778,numpy_rnn,0.9333333333333333,0.005555555555555536
shortcut_tree_050,gaussian_sensory,temporal_cue_then_blank,embedding,8,0.8444444444444444,lin_sequence_front_bands_r1_l2,0.8574074074074073,0.012962962962962843
shortcut_tree_050,gaussian_sensory,temporal_cue_then_blank,none,0,0.8444444444444444,reservoir_random,0.8629629629629628,0.01851851851851838
shortcut_tree_050,gaussian_sensory,temporal_cue_then_blank,one_hot,0,0.8444444444444444,lin_sequence_front_bands_r1_l2,0.8592592592592592,0.014814814814814725
shortcut_tree_050,gaussian_sensory,temporal_dropout,embedding,8,0.8444444444444444,lin_block_r1_l4,0.85,0.005555555555555536
shortcut_tree_050,gaussian_sensory,temporal_dropout,none,0,0.8444444444444444,lin_block_r1_l4,0.85,0.005555555555555536
shortcut_tree_050,gaussian_sensory,temporal_dropout,one_hot,0,0.8444444444444444,lin_block_r1_l4,0.85,0.005555555555555536
shortcut_tree_050,gaussian_sensory,temporal_full,embedding,8,0.8444444444444444,lin_sequence_front_bands_r5_l4,0.8481481481481481,0.0037037037037036535
shortcut_tree_050,gaussian_sensory,temporal_full,none,0,0.8444444444444444,lin_block_r1_l4,0.85,0.005555555555555536
shortcut_tree_050,gaussian_sensory,temporal_full,one_hot,0,0.8444444444444444,numpy_rnn,0.85,0.005555555555555536
shortcut_tree_100,gaussian_sensory,temporal_cue_then_blank,embedding,8,0.6666666666666667,reservoir_diagonal,0.6870370370370371,0.020370370370370372
shortcut_tree_100,gaussian_sensory,temporal_cue_then_blank,none,0,0.6666666666666667,numpy_rnn,0.6777777777777778,0.011111111111111072
shortcut_tree_100,gaussian_sensory,temporal_cue_then_blank,one_hot,0,0.6666666666666667,reservoir_diagonal,0.6944444444444443,0.027777777777777568
shortcut_tree_100,gaussian_sensory,temporal_dropout,embedding,8,0.6444444444444445,lin_sequence_front_bands_r5_l8,0.6796296296296296,0.0351851851851851
shortcut_tree_100,gaussian_sensory,temporal_dropout,none,0,0.6666666666666667,numpy_rnn,0.6722222222222223,0.005555555555555536
shortcut_tree_100,gaussian_sensory,temporal_dropout,one_hot,0,0.6444444444444445,numpy_rnn,0.6777777777777778,0.033333333333333326
shortcut_tree_100,gaussian_sensory,temporal_full,embedding,8,0.6555555555555556,numpy_rnn,0.6722222222222223,0.01666666666666672
shortcut_tree_100,gaussian_sensory,temporal_full,none,0,0.6666666666666667,numpy_rnn,0.6666666666666667,0.0
shortcut_tree_100,gaussian_sensory,temporal_full,one_hot,0,0.6555555555555556,lin_sequence_front_bands_r1_l8,0.6666666666666666,0.011111111111111072
torus_lattice,gaussian_sensory,temporal_cue_then_blank,embedding,8,0.34090909090909094,reservoir_diagonal,0.4696969696969697,0.12878787878787878
torus_lattice,gaussian_sensory,temporal_cue_then_blank,none,0,0.3181818181818182,numpy_rnn,0.4090909090909091,0.09090909090909094
torus_lattice,gaussian_sensory,temporal_cue_then_blank,one_hot,0,0.3181818181818182,reservoir_diagonal,0.5378787878787878,0.21969696969696967
torus_lattice,gaussian_sensory,temporal_dropout,embedding,8,0.36363636363636365,reservoir_diagonal,0.4318181818181818,0.06818181818181818
torus_lattice,gaussian_sensory,temporal_dropout,none,0,0.38636363636363635,numpy_rnn,0.4090909090909091,0.022727272727272763
torus_lattice,gaussian_sensory,temporal_dropout,one_hot,0,0.36363636363636365,reservoir_diagonal,0.48484848484848486,0.12121212121212122
torus_lattice,gaussian_sensory,temporal_full,embedding,8,0.25,numpy_rnn,0.38636363636363635,0.13636363636363635
torus_lattice,gaussian_sensory,temporal_full,none,0,0.2954545454545454,numpy_rnn,0.34090909090909094,0.045454545454545525
torus_lattice,gaussian_sensory,temporal_full,one_hot,0,0.25,lin_sequence_front_bands_r3_l8,0.32575757575757575,0.07575757575757575
tree,gaussian_sensory,temporal_cue_then_blank,embedding,8,0.9666666666666667,lin_sequence_front_bands_r5_l8,0.9722222222222222,0.005555555555555536
tree,gaussian_sensory,temporal_cue_then_blank,none,0,0.9666666666666667,numpy_rnn,0.9722222222222222,0.005555555555555536
tree,gaussian_sensory,temporal_cue_then_blank,one_hot,0,0.9666666666666667,numpy_rnn,0.9722222222222222,0.005555555555555536
tree,gaussian_sensory,temporal_dropout,embedding,8,0.9722222222222222,lin_block_r1_l2,0.9722222222222222,0.0
tree,gaussian_sensory,temporal_dropout,none,0,0.9722222222222222,lin_block_r1_l2,0.9722222222222222,0.0
tree,gaussian_sensory,temporal_dropout,one_hot,0,0.9722222222222222,lin_block_r1_l2,0.9722222222222222,0.0
tree,gaussian_sensory,temporal_full,embedding,8,0.9722222222222222,lin_block_r1_l2,0.9722222222222222,0.0
tree,gaussian_sensory,temporal_full,none,0,0.9722222222222222,lin_block_r1_l2,0.9722222222222222,0.0
tree,gaussian_sensory,temporal_full,one_hot,0,0.9722222222222222,lin_block_r1_l2,0.9722222222222222,0.0
