obs_mode,temporal_mode,action_input,action_embedding_dim,model,n_tasks,action_accuracy_mean,action_accuracy_sem,greedy_success_mean,greedy_success_sem
gaussian_sensory,temporal_cue_then_blank,embedding,8,lin_block_r1_l2,15,0.6491974274232338,0.04713227651643503,nan,nan
gaussian_sensory,temporal_cue_then_blank,embedding,8,lin_block_r1_l4,15,0.6824920091855575,0.056838147700646546,nan,nan
gaussian_sensory,temporal_cue_then_blank,embedding,8,lin_block_r1_l8,15,0.7539578581514065,0.05858094915096416,nan,nan
gaussian_sensory,temporal_cue_then_blank,embedding,8,lin_block_r3_l2,15,0.6923295745473165,0.05343863445748657,nan,nan
gaussian_sensory,temporal_cue_then_blank,embedding,8,lin_block_r3_l4,15,0.6994774744371519,0.05137856113563197,nan,nan
gaussian_sensory,temporal_cue_then_blank,embedding,8,lin_block_r3_l8,15,0.7327208529224659,0.05649804275809075,nan,nan
gaussian_sensory,temporal_cue_then_blank,embedding,8,lin_block_r5_l2,15,0.7043282673121384,0.05127774825199229,nan,nan
gaussian_sensory,temporal_cue_then_blank,embedding,8,lin_block_r5_l4,15,0.6941691686449751,0.057937543988853354,nan,nan
gaussian_sensory,temporal_cue_then_blank,embedding,8,lin_block_r5_l8,15,0.7059666752005461,0.0611881122392568,nan,nan
gaussian_sensory,temporal_cue_then_blank,embedding,8,lin_sequence_all_units_r3_l4,15,0.6519778106202838,0.05631892776388975,0.20888888888888887,0.04572011830810366
gaussian_sensory,temporal_cue_then_blank,embedding,8,lin_sequence_front_bands_r1_l2,15,0.6213215682167296,0.04800882093125526,0.14999999999999997,0.03631909984459221
gaussian_sensory,temporal_cue_then_blank,embedding,8,lin_sequence_front_bands_r1_l4,15,0.6701629001225776,0.04875592198712811,0.23648148148148143,0.055924611919109087
gaussian_sensory,temporal_cue_then_blank,embedding,8,lin_sequence_front_bands_r1_l8,15,0.7010394976389599,0.05459360851604901,0.26222222222222225,0.06290757756977015
gaussian_sensory,temporal_cue_then_blank,embedding,8,lin_sequence_front_bands_r3_l2,15,0.6482524166395135,0.04991389478498014,0.20833333333333334,0.049293956829353634
gaussian_sensory,temporal_cue_then_blank,embedding,8,lin_sequence_front_bands_r3_l4,15,0.6576894391948155,0.05546948239362963,0.2094444444444444,0.05480632352363678
gaussian_sensory,temporal_cue_then_blank,embedding,8,lin_sequence_front_bands_r3_l8,15,0.6920294664515095,0.05906500270167872,0.2870370370370371,0.07299125898290201
gaussian_sensory,temporal_cue_then_blank,embedding,8,lin_sequence_front_bands_r5_l2,15,0.6427092546044159,0.056853497053919004,0.22925925925925927,0.051963834104785646
gaussian_sensory,temporal_cue_then_blank,embedding,8,lin_sequence_front_bands_r5_l4,15,0.6355449334616001,0.0592025684910043,0.22925925925925922,0.052119866669684475
gaussian_sensory,temporal_cue_then_blank,embedding,8,lin_sequence_front_bands_r5_l8,15,0.6850028058361392,0.057340094829220985,0.2646296296296296,0.06371120141677629
gaussian_sensory,temporal_cue_then_blank,embedding,8,memoryless_linear,15,0.6259823077161787,0.04533257567474607,0.11,0.03249135009025988
gaussian_sensory,temporal_cue_then_blank,embedding,8,memoryless_mlp,15,0.6259823077161787,0.04533257567474607,0.11,0.03249135009025988
gaussian_sensory,temporal_cue_then_blank,embedding,8,numpy_rnn,15,0.6420689033189031,0.050499248930251144,0.06833333333333334,0.02479012433511104
gaussian_sensory,temporal_cue_then_blank,embedding,8,reservoir_block_hybrid,15,0.6465374171825785,0.050159261846013825,0.25462962962962965,0.055683494659579606
gaussian_sensory,temporal_cue_then_blank,embedding,8,reservoir_diagonal,15,0.7545035027696319,0.034111365559689535,0.2583333333333333,0.054136642065327145
gaussian_sensory,temporal_cue_then_blank,embedding,8,reservoir_low_rank,15,0.6206104115915944,0.049583737263198056,0.1935185185185185,0.042785392940913464
gaussian_sensory,temporal_cue_then_blank,embedding,8,reservoir_nilpotent,15,0.6467665065917755,0.05616200186847415,0.24592592592592594,0.06122516213249343
gaussian_sensory,temporal_cue_then_blank,embedding,8,reservoir_orthogonal,15,0.645002288631321,0.05506154428053399,0.21999999999999995,0.05170676034384413
gaussian_sensory,temporal_cue_then_blank,embedding,8,reservoir_oscillatory,15,0.6342280588785965,0.04928109752658481,0.2274074074074074,0.05045346010228016
gaussian_sensory,temporal_cue_then_blank,embedding,8,reservoir_random,15,0.6454542545268352,0.056083799322195885,0.237962962962963,0.05971632594657932
gaussian_sensory,temporal_cue_then_blank,embedding,8,reservoir_sparse,15,0.6560747904027473,0.049485967836452094,0.2411111111111111,0.05357528890657233
gaussian_sensory,temporal_cue_then_blank,embedding,8,reservoir_symmetric,15,0.67266551847197,0.045922785179842565,0.2157407407407407,0.04660873409212472
gaussian_sensory,temporal_cue_then_blank,none,0,lin_block_r1_l2,15,0.581756059054446,0.05805232666956388,nan,nan
gaussian_sensory,temporal_cue_then_blank,none,0,lin_block_r1_l4,15,0.6093069326133841,0.07019101026264894,nan,nan
gaussian_sensory,temporal_cue_then_blank,none,0,lin_block_r1_l8,15,0.6623980977206784,0.07270722677294661,nan,nan
gaussian_sensory,temporal_cue_then_blank,none,0,lin_block_r3_l2,15,0.6194013289577806,0.0648645692725375,nan,nan
gaussian_sensory,temporal_cue_then_blank,none,0,lin_block_r3_l4,15,0.6308358159164611,0.06989383295807984,nan,nan
gaussian_sensory,temporal_cue_then_blank,none,0,lin_block_r3_l8,15,0.6600117340843147,0.06942569798679514,nan,nan
gaussian_sensory,temporal_cue_then_blank,none,0,lin_block_r5_l2,15,0.6415617581343388,0.06869165720290384,nan,nan
gaussian_sensory,temporal_cue_then_blank,none,0,lin_block_r5_l4,15,0.6369600187745349,0.0710914811640373,nan,nan
gaussian_sensory,temporal_cue_then_blank,none,0,lin_block_r5_l8,15,0.6523728451954258,0.07313449987958769,nan,nan
gaussian_sensory,temporal_cue_then_blank,none,0,lin_sequence_all_units_r3_l4,15,0.5480726685699804,0.06545798843329424,0.1814814814814815,0.04509336668066495
gaussian_sensory,temporal_cue_then_blank,none,0,lin_sequence_front_bands_r1_l2,15,0.5719314884637465,0.06083574848867708,0.11574074074074073,0.034518893201409044
gaussian_sensory,temporal_cue_then_blank,none,0,lin_sequence_front_bands_r1_l4,15,0.5935373770992051,0.06888011398836666,0.1559259259259259,0.036263279984174904
gaussian_sensory,temporal_cue_then_blank,none,0,lin_sequence_front_bands_r1_l8,15,0.6469118282155916,0.06725019837774518,0.2518518518518519,0.06747779626246084
gaussian_sensory,temporal_cue_then_blank,none,0,lin_sequence_front_bands_r3_l2,15,0.5675562718842289,0.06827644526268177,0.16018518518518518,0.038525004541423685
gaussian_sensory,temporal_cue_then_blank,none,0,lin_sequence_front_bands_r3_l4,15,0.5587685482577956,0.0665501037219202,0.17055555555555554,0.04510325211079593
gaussian_sensory,temporal_cue_then_blank,none,0,lin_sequence_front_bands_r3_l8,15,0.6255629386543365,0.07004798176752107,0.24222222222222223,0.06359271123179684
gaussian_sensory,temporal_cue_then_blank,none,0,lin_sequence_front_bands_r5_l2,15,0.5524390150868645,0.06655452984681977,0.17222222222222222,0.04487391703801994
gaussian_sensory,temporal_cue_then_blank,none,0,lin_sequence_front_bands_r5_l4,15,0.5673329169834547,0.06592213557284336,0.19629629629629627,0.04710744428510499
gaussian_sensory,temporal_cue_then_blank,none,0,lin_sequence_front_bands_r5_l8,15,0.6536794274025457,0.06924160055691998,0.25092592592592594,0.07340538120738725
gaussian_sensory,temporal_cue_then_blank,none,0,memoryless_linear,15,0.5723569411472638,0.057449274789122776,0.08055555555555555,0.027920269450850802
gaussian_sensory,temporal_cue_then_blank,none,0,memoryless_mlp,15,0.5723569411472638,0.057449274789122776,0.08055555555555555,0.027920269450850802
gaussian_sensory,temporal_cue_then_blank,none,0,numpy_rnn,15,0.6181352891433536,0.05470366857937787,0.06277777777777778,0.020050641353704508
gaussian_sensory,temporal_cue_then_blank,none,0,reservoir_block_hybrid,15,0.5774270353302611,0.06485415669213153,0.20425925925925928,0.05598896198710505
gaussian_sensory,temporal_cue_then_blank,none,0,reservoir_diagonal,15,0.668148820514412,0.054131292214262924,0.192037037037037,0.045808969527838424
gaussian_sensory,temporal_cue_then_blank,none,0,reservoir_low_rank,15,0.5745194132828542,0.06381033160347777,0.1625925925925926,0.041855714575689464
gaussian_sensory,temporal_cue_then_blank,none,0,reservoir_nilpotent,15,0.6055025549918024,0.06849455194483019,0.21648148148148144,0.056712468953684717
gaussian_sensory,temporal_cue_then_blank,none,0,reservoir_orthogonal,15,0.5965665164186669,0.06842799251360698,0.22296296296296295,0.05639802143229461
gaussian_sensory,temporal_cue_then_blank,none,0,reservoir_oscillatory,15,0.5614321983273596,0.06298095120154863,0.19148148148148147,0.051753118394647954
gaussian_sensory,temporal_cue_then_blank,none,0,reservoir_random,15,0.5571087539501518,0.06547056223848759,0.20129629629629628,0.05078952391744704
gaussian_sensory,temporal_cue_then_blank,none,0,reservoir_sparse,15,0.5772846488437886,0.06520986303090708,0.20296296296296296,0.05222944525829301
gaussian_sensory,temporal_cue_then_blank,none,0,reservoir_symmetric,15,0.5883543512441363,0.06621567125383908,0.16759259259259257,0.04162755365853204
gaussian_sensory,temporal_cue_then_blank,one_hot,0,lin_block_r1_l2,15,0.640308538534345,0.04952659738928002,nan,nan
gaussian_sensory,temporal_cue_then_blank,one_hot,0,lin_block_r1_l4,15,0.6636031202966687,0.05864803724107753,nan,nan
gaussian_sensory,temporal_cue_then_blank,one_hot,0,lin_block_r1_l8,15,0.7517356359291844,0.0558847700462584,nan,nan
gaussian_sensory,temporal_cue_then_blank,one_hot,0,lin_block_r3_l2,15,0.6883310253068318,0.05357654876162938,nan,nan
gaussian_sensory,temporal_cue_then_blank,one_hot,0,lin_block_r3_l4,15,0.7085021489860199,0.050210180883143704,nan,nan
gaussian_sensory,temporal_cue_then_blank,one_hot,0,lin_block_r3_l8,15,0.7383846723766079,0.05295440167113387,nan,nan
gaussian_sensory,temporal_cue_then_blank,one_hot,0,lin_block_r5_l2,15,0.7175173005011715,0.05136886593321073,nan,nan
gaussian_sensory,temporal_cue_then_blank,one_hot,0,lin_block_r5_l4,15,0.7041771206690562,0.05331062084615361,nan,nan
gaussian_sensory,temporal_cue_then_blank,one_hot,0,lin_block_r5_l8,15,0.7264182144020853,0.05489997006000319,nan,nan
gaussian_sensory,temporal_cue_then_blank,one_hot,0,lin_sequence_all_units_r3_l4,15,0.6363855787780519,0.06063099980988033,0.20314814814814813,0.04761034605976138
gaussian_sensory,temporal_cue_then_blank,one_hot,0,lin_sequence_front_bands_r1_l2,15,0.6255094920014274,0.047353951254661006,0.14888888888888888,0.038986838099203995
gaussian_sensory,temporal_cue_then_blank,one_hot,0,lin_sequence_front_bands_r1_l4,15,0.6562804245734354,0.056202305667588846,0.21796296296296294,0.05113128388041946
gaussian_sensory,temporal_cue_then_blank,one_hot,0,lin_sequence_front_bands_r1_l8,15,0.699828656508764,0.06189574018561413,0.2809259259259259,0.0734305045377507
gaussian_sensory,temporal_cue_then_blank,one_hot,0,lin_sequence_front_bands_r3_l2,15,0.6331940306805899,0.057196326764253576,0.21759259259259256,0.0457172786473716
gaussian_sensory,temporal_cue_then_blank,one_hot,0,lin_sequence_front_bands_r3_l4,15,0.6516883957340945,0.058597085975825816,0.21648148148148147,0.04836423833045171
gaussian_sensory,temporal_cue_then_blank,one_hot,0,lin_sequence_front_bands_r3_l8,15,0.699277639425489,0.05761381605507125,0.2674074074074074,0.06990717088855887
gaussian_sensory,temporal_cue_then_blank,one_hot,0,lin_sequence_front_bands_r5_l2,15,0.6360234254992319,0.0552711157293513,0.20740740740740737,0.04551590953471209
gaussian_sensory,temporal_cue_then_blank,one_hot,0,lin_sequence_front_bands_r5_l4,15,0.6349576215302022,0.05562432325418922,0.22537037037037036,0.05339576005497002
gaussian_sensory,temporal_cue_then_blank,one_hot,0,lin_sequence_front_bands_r5_l8,15,0.6935212661691156,0.056950263002490335,0.2807407407407407,0.07101890654750752
gaussian_sensory,temporal_cue_then_blank,one_hot,0,memoryless_linear,15,0.6244671562010271,0.04603305617599703,0.11333333333333334,0.03331150078660648
gaussian_sensory,temporal_cue_then_blank,one_hot,0,memoryless_mlp,15,0.6244671562010271,0.04603305617599703,0.11333333333333334,0.03331150078660648
gaussian_sensory,temporal_cue_then_blank,one_hot,0,numpy_rnn,15,0.6352118729538083,0.05123979133572573,0.06055555555555556,0.021167426974637974
gaussian_sensory,temporal_cue_then_blank,one_hot,0,reservoir_block_hybrid,15,0.6559043649500639,0.055344939319331606,0.242037037037037,0.056555723606227036
gaussian_sensory,temporal_cue_then_blank,one_hot,0,reservoir_diagonal,15,0.7512341993928014,0.03370482225498713,0.2590740740740741,0.0578535742821586
gaussian_sensory,temporal_cue_then_blank,one_hot,0,reservoir_low_rank,15,0.6460282807594635,0.04980363421284224,0.20518518518518516,0.04474507013286911
gaussian_sensory,temporal_cue_then_blank,one_hot,0,reservoir_nilpotent,15,0.6457003017890115,0.05843700042585628,0.23907407407407402,0.06105484823857343
gaussian_sensory,temporal_cue_then_blank,one_hot,0,reservoir_orthogonal,15,0.6568384303868176,0.05568109214745903,0.24314814814814817,0.05837480679028628
gaussian_sensory,temporal_cue_then_blank,one_hot,0,reservoir_oscillatory,15,0.6608015640273706,0.047419416027476256,0.22444444444444445,0.05162853460006424
gaussian_sensory,temporal_cue_then_blank,one_hot,0,reservoir_random,15,0.621870956104827,0.055114419694140285,0.20203703703703704,0.04814417973063946
gaussian_sensory,temporal_cue_then_blank,one_hot,0,reservoir_sparse,15,0.6461685402411209,0.050759534547784556,0.22833333333333333,0.051833802603114584
gaussian_sensory,temporal_cue_then_blank,one_hot,0,reservoir_symmetric,15,0.6790385291729378,0.04366067659855643,0.24185185185185187,0.05230817722559181
gaussian_sensory,temporal_dropout,embedding,8,lin_block_r1_l2,15,0.652461209638629,0.05540601449932818,nan,nan
gaussian_sensory,temporal_dropout,embedding,8,lin_block_r1_l4,15,0.6449723424723425,0.054829324145846084,nan,nan
gaussian_sensory,temporal_dropout,embedding,8,lin_block_r1_l8,15,0.6818230306133531,0.06933020976665907,nan,nan
gaussian_sensory,temporal_dropout,embedding,8,lin_block_r3_l2,15,0.6104889912954429,0.05146630081456821,nan,nan
gaussian_sensory,temporal_dropout,embedding,8,lin_block_r3_l4,15,0.6491208164595261,0.06126982885875005,nan,nan
gaussian_sensory,temporal_dropout,embedding,8,lin_block_r3_l8,15,0.6901463172430914,0.06557580884360036,nan,nan
gaussian_sensory,temporal_dropout,embedding,8,lin_block_r5_l2,15,0.6615770221415382,0.052203403280844156,nan,nan
gaussian_sensory,temporal_dropout,embedding,8,lin_block_r5_l4,15,0.6728574531800339,0.05549113780149207,nan,nan
gaussian_sensory,temporal_dropout,embedding,8,lin_block_r5_l8,15,0.6929612367918819,0.06098688666509802,nan,nan
gaussian_sensory,temporal_dropout,embedding,8,lin_sequence_all_units_r3_l4,15,0.6500590518601271,0.053152871771023916,0.20074074074074075,0.04557141505672595
gaussian_sensory,temporal_dropout,embedding,8,lin_sequence_front_bands_r1_l2,15,0.6335819472244203,0.051683423816762185,0.16907407407407407,0.03726076606081471
gaussian_sensory,temporal_dropout,embedding,8,lin_sequence_front_bands_r1_l4,15,0.6339915669754379,0.05185050561976243,0.20314814814814813,0.045788110338852155
gaussian_sensory,temporal_dropout,embedding,8,lin_sequence_front_bands_r1_l8,15,0.6853464302523443,0.05913829980956106,0.2451851851851852,0.06410445956588035
gaussian_sensory,temporal_dropout,embedding,8,lin_sequence_front_bands_r3_l2,15,0.6304655037316328,0.05319953500257079,0.20203703703703704,0.04433474115156961
gaussian_sensory,temporal_dropout,embedding,8,lin_sequence_front_bands_r3_l4,15,0.6321104348658112,0.05102854617085925,0.19722222222222224,0.04677268129433562
gaussian_sensory,temporal_dropout,embedding,8,lin_sequence_front_bands_r3_l8,15,0.6601867109393991,0.056795694134554604,0.2274074074074074,0.05770565978033622
gaussian_sensory,temporal_dropout,embedding,8,lin_sequence_front_bands_r5_l2,15,0.6375540414384501,0.05556677099131527,0.1907407407407407,0.04461085468660173
gaussian_sensory,temporal_dropout,embedding,8,lin_sequence_front_bands_r5_l4,15,0.6151802394141104,0.056933831448541125,0.20259259259259257,0.04988410043677684
gaussian_sensory,temporal_dropout,embedding,8,lin_sequence_front_bands_r5_l8,15,0.6727111036116413,0.05185849575983923,0.22722222222222221,0.05357940367837511
gaussian_sensory,temporal_dropout,embedding,8,memoryless_linear,15,0.6426986066502195,0.04889719355751288,0.155,0.032821466713854774
gaussian_sensory,temporal_dropout,embedding,8,memoryless_mlp,15,0.6426986066502195,0.04889719355751288,0.155,0.032821466713854774
gaussian_sensory,temporal_dropout,embedding,8,numpy_rnn,15,0.6563887531226239,0.050024318782204695,0.08333333333333333,0.025717224993681988
gaussian_sensory,temporal_dropout,embedding,8,reservoir_block_hybrid,15,0.6184010742344075,0.054165797191446714,0.19018518518518518,0.04073911733177313
gaussian_sensory,temporal_dropout,embedding,8,reservoir_diagonal,15,0.6759857212679792,0.042524714248816355,0.18907407407407406,0.039669477568015726
gaussian_sensory,temporal_dropout,embedding,8,reservoir_low_rank,15,0.6196197510176005,0.051906439079449744,0.18407407407407408,0.03971761236678713
gaussian_sensory,temporal_dropout,embedding,8,reservoir_nilpotent,15,0.6541743794835192,0.057801061186698054,0.20740740740740737,0.05610028358696696
gaussian_sensory,temporal_dropout,embedding,8,reservoir_orthogonal,15,0.6456764909721898,0.05030423633019711,0.21833333333333332,0.0510686791891185
gaussian_sensory,temporal_dropout,embedding,8,reservoir_oscillatory,15,0.6109473576005833,0.05319472840339541,0.17999999999999997,0.039747882709575605
gaussian_sensory,temporal_dropout,embedding,8,reservoir_random,15,0.6388323002167088,0.05164758248100711,0.18629629629629632,0.04458020490982603
gaussian_sensory,temporal_dropout,embedding,8,reservoir_sparse,15,0.6234327271692862,0.051547994747737094,0.17981481481481482,0.03820397107421822
gaussian_sensory,temporal_dropout,embedding,8,reservoir_symmetric,15,0.6478341595680305,0.04861435171951672,0.17037037037037037,0.03970021652142382
gaussian_sensory,temporal_dropout,none,0,lin_block_r1_l2,15,0.6308631243308663,0.050222407236649315,nan,nan
gaussian_sensory,temporal_dropout,none,0,lin_block_r1_l4,15,0.5767342782665363,0.05497346676978431,nan,nan
gaussian_sensory,temporal_dropout,none,0,lin_block_r1_l8,15,0.6527624555850362,0.06037179627523281,nan,nan
gaussian_sensory,temporal_dropout,none,0,lin_block_r3_l2,15,0.6058564523887103,0.047723538958404296,nan,nan
gaussian_sensory,temporal_dropout,none,0,lin_block_r3_l4,15,0.6215587518813325,0.05195406634804702,nan,nan
gaussian_sensory,temporal_dropout,none,0,lin_block_r3_l8,15,0.6709050567115084,0.06172778439935032,nan,nan
gaussian_sensory,temporal_dropout,none,0,lin_block_r5_l2,15,0.6403807273968563,0.05047849497619958,nan,nan
gaussian_sensory,temporal_dropout,none,0,lin_block_r5_l4,15,0.6325203455445391,0.0543524440691979,nan,nan
gaussian_sensory,temporal_dropout,none,0,lin_block_r5_l8,15,0.6437225170289687,0.06400407098002056,nan,nan
gaussian_sensory,temporal_dropout,none,0,lin_sequence_all_units_r3_l4,15,0.6093545801072683,0.05139651078771376,0.17814814814814814,0.03994582849544783
gaussian_sensory,temporal_dropout,none,0,lin_sequence_front_bands_r1_l2,15,0.6368543990855818,0.05129744041298127,0.15129629629629632,0.033675347103593774
gaussian_sensory,temporal_dropout,none,0,lin_sequence_front_bands_r1_l4,15,0.5952894730717311,0.05551535539189217,0.1837037037037037,0.04050756988162916
gaussian_sensory,temporal_dropout,none,0,lin_sequence_front_bands_r1_l8,15,0.6486704603640088,0.05876544986467527,0.21722222222222218,0.05476970652193172
gaussian_sensory,temporal_dropout,none,0,lin_sequence_front_bands_r3_l2,15,0.5956311902951688,0.054930077533551926,0.16240740740740742,0.03547969199406512
gaussian_sensory,temporal_dropout,none,0,lin_sequence_front_bands_r3_l4,15,0.6197099321427278,0.053887030938071234,0.1862962962962963,0.04572836839718712
gaussian_sensory,temporal_dropout,none,0,lin_sequence_front_bands_r3_l8,15,0.6694127009987224,0.05714574225916047,0.21944444444444444,0.05696557228389775
gaussian_sensory,temporal_dropout,none,0,lin_sequence_front_bands_r5_l2,15,0.6125292285372931,0.05499483922196629,0.1809259259259259,0.04519851915325184
gaussian_sensory,temporal_dropout,none,0,lin_sequence_front_bands_r5_l4,15,0.607323846503954,0.05606745004717254,0.17907407407407408,0.041284728016443686
gaussian_sensory,temporal_dropout,none,0,lin_sequence_front_bands_r5_l8,15,0.6223855425737147,0.06112811626752037,0.1848148148148148,0.044832848704351655
gaussian_sensory,temporal_dropout,none,0,memoryless_linear,15,0.6396089155766574,0.0498328003829738,0.14055555555555557,0.04021163150932794
gaussian_sensory,temporal_dropout,none,0,memoryless_mlp,15,0.6396089155766574,0.0498328003829738,0.14055555555555557,0.04021163150932794
gaussian_sensory,temporal_dropout,none,0,numpy_rnn,15,0.6375741865661219,0.0500619420937049,0.06055555555555556,0.02226384989945986
gaussian_sensory,temporal_dropout,none,0,reservoir_block_hybrid,15,0.6000281036168131,0.05342643456971737,0.19407407407407407,0.043385928828386086
gaussian_sensory,temporal_dropout,none,0,reservoir_diagonal,15,0.6580714078832358,0.045532717424777,0.1888888888888889,0.046645245776571184
gaussian_sensory,temporal_dropout,none,0,reservoir_low_rank,15,0.6159932530631455,0.05098178381589344,0.16555555555555557,0.03879031346325145
gaussian_sensory,temporal_dropout,none,0,reservoir_nilpotent,15,0.6179451129316721,0.05599571765176135,0.185,0.04936010284720261
gaussian_sensory,temporal_dropout,none,0,reservoir_orthogonal,15,0.5823702914966357,0.060482248528254304,0.18055555555555552,0.042257712736425826
gaussian_sensory,temporal_dropout,none,0,reservoir_oscillatory,15,0.6120798680610507,0.05259444725731058,0.18240740740740738,0.04337220704680945
gaussian_sensory,temporal_dropout,none,0,reservoir_random,15,0.6110207812895984,0.05471098854866375,0.19296296296296295,0.04377376457670209
gaussian_sensory,temporal_dropout,none,0,reservoir_sparse,15,0.6219189009914816,0.05078618259420478,0.1825925925925926,0.04031809391383716
gaussian_sensory,temporal_dropout,none,0,reservoir_symmetric,15,0.6294388780275876,0.05284853262551525,0.18944444444444444,0.049264281480066334
gaussian_sensory,temporal_dropout,one_hot,0,lin_block_r1_l2,15,0.6491278763052956,0.05377390973255068,nan,nan
gaussian_sensory,temporal_dropout,one_hot,0,lin_block_r1_l4,15,0.6319294131794131,0.052477131965878235,nan,nan
gaussian_sensory,temporal_dropout,one_hot,0,lin_block_r1_l8,15,0.685560404350727,0.06222522984639453,nan,nan
gaussian_sensory,temporal_dropout,one_hot,0,lin_block_r3_l2,15,0.6027535338019209,0.05426078668101392,nan,nan
gaussian_sensory,temporal_dropout,one_hot,0,lin_block_r3_l4,15,0.6657099217986315,0.05996117922583013,nan,nan
gaussian_sensory,temporal_dropout,one_hot,0,lin_block_r3_l8,15,0.6806362007168459,0.06251945832557848,nan,nan
gaussian_sensory,temporal_dropout,one_hot,0,lin_block_r5_l2,15,0.6444543747769553,0.052593666836787935,nan,nan
gaussian_sensory,temporal_dropout,one_hot,0,lin_block_r5_l4,15,0.6600457726264177,0.05899823215775345,nan,nan
gaussian_sensory,temporal_dropout,one_hot,0,lin_block_r5_l8,15,0.6803287289174386,0.0652127725705552,nan,nan
gaussian_sensory,temporal_dropout,one_hot,0,lin_sequence_all_units_r3_l4,15,0.639405983801145,0.053065603264350274,0.19333333333333333,0.041719367024800724
gaussian_sensory,temporal_dropout,one_hot,0,lin_sequence_front_bands_r1_l2,15,0.6515946782210223,0.05164066303914667,0.1785185185185185,0.03975090231383264
gaussian_sensory,temporal_dropout,one_hot,0,lin_sequence_front_bands_r1_l4,15,0.623795585139671,0.055378038474438986,0.18870370370370368,0.050463363427370754
gaussian_sensory,temporal_dropout,one_hot,0,lin_sequence_front_bands_r1_l8,15,0.6575494835709889,0.06093537262043685,0.24925925925925924,0.0643664385280027
gaussian_sensory,temporal_dropout,one_hot,0,lin_sequence_front_bands_r3_l2,15,0.6494195087071429,0.04707880825701225,0.20425925925925928,0.04734256892121057
gaussian_sensory,temporal_dropout,one_hot,0,lin_sequence_front_bands_r3_l4,15,0.6442064332521321,0.05366786316764975,0.2018518518518518,0.047129278800369885
gaussian_sensory,temporal_dropout,one_hot,0,lin_sequence_front_bands_r3_l8,15,0.672325204166602,0.056799527183021115,0.23370370370370366,0.057917938122307215
gaussian_sensory,temporal_dropout,one_hot,0,lin_sequence_front_bands_r5_l2,15,0.6420131615696131,0.05257720345663872,0.19018518518518515,0.04333254193642641
gaussian_sensory,temporal_dropout,one_hot,0,lin_sequence_front_bands_r5_l4,15,0.6514601661779079,0.05224131255197666,0.19851851851851857,0.04920656966440914
gaussian_sensory,temporal_dropout,one_hot,0,lin_sequence_front_bands_r5_l8,15,0.6656618670059531,0.05209403629502826,0.21462962962962964,0.04897274154129167
gaussian_sensory,temporal_dropout,one_hot,0,memoryless_linear,15,0.648254162205775,0.04804733991503519,0.15722222222222224,0.035354091935425
gaussian_sensory,temporal_dropout,one_hot,0,memoryless_mlp,15,0.648254162205775,0.04804733991503519,0.15722222222222224,0.035354091935425
gaussian_sensory,temporal_dropout,one_hot,0,numpy_rnn,15,0.6681308088566151,0.04550016675331062,0.08444444444444445,0.028287388830414054
gaussian_sensory,temporal_dropout,one_hot,0,reservoir_block_hybrid,15,0.6191690005534092,0.0562202003914852,0.20277777777777778,0.04962232434586458
gaussian_sensory,temporal_dropout,one_hot,0,reservoir_diagonal,15,0.6776243618985552,0.04183458147428653,0.20166666666666666,0.04341804228932376
gaussian_sensory,temporal_dropout,one_hot,0,reservoir_low_rank,15,0.6087951455155756,0.052716721734148576,0.18222222222222223,0.03858802743414184
gaussian_sensory,temporal_dropout,one_hot,0,reservoir_nilpotent,15,0.6541904580883074,0.05546013385293399,0.2072222222222222,0.056774200282824434
gaussian_sensory,temporal_dropout,one_hot,0,reservoir_orthogonal,15,0.6499567875374325,0.05357804249173646,0.2046296296296296,0.05205482759020354
gaussian_sensory,temporal_dropout,one_hot,0,reservoir_oscillatory,15,0.6243797938421594,0.05053197275498111,0.1711111111111111,0.03880546607800072
gaussian_sensory,temporal_dropout,one_hot,0,reservoir_random,15,0.6398948781206845,0.04869532122224268,0.1962962962962963,0.04506402352155653
gaussian_sensory,temporal_dropout,one_hot,0,reservoir_sparse,15,0.6461277327809586,0.047242899224294276,0.2162962962962963,0.04918864533312556
gaussian_sensory,temporal_dropout,one_hot,0,reservoir_symmetric,15,0.6568661654951976,0.04863951049251812,0.20574074074074078,0.045808648689178666
gaussian_sensory,temporal_full,embedding,8,lin_block_r1_l2,15,0.7285701484895032,0.05243234678610803,nan,nan
gaussian_sensory,temporal_full,embedding,8,lin_block_r1_l4,15,0.7122364776800261,0.05542546652091987,nan,nan
gaussian_sensory,temporal_full,embedding,8,lin_block_r1_l8,15,0.7419740996757126,0.05966895497893163,nan,nan
gaussian_sensory,temporal_full,embedding,8,lin_block_r3_l2,15,0.6962875102794457,0.05371259480789714,nan,nan
gaussian_sensory,temporal_full,embedding,8,lin_block_r3_l4,15,0.7166759181678536,0.0634034223787284,nan,nan
gaussian_sensory,temporal_full,embedding,8,lin_block_r3_l8,15,0.7178620886282175,0.06315785176407866,nan,nan
gaussian_sensory,temporal_full,embedding,8,lin_block_r5_l2,15,0.7265651522909587,0.05838967363737491,nan,nan
gaussian_sensory,temporal_full,embedding,8,lin_block_r5_l4,15,0.700759844993716,0.06068700577749478,nan,nan
gaussian_sensory,temporal_full,embedding,8,lin_block_r5_l8,15,0.7221168676007385,0.061194552412259524,nan,nan
gaussian_sensory,temporal_full,embedding,8,lin_sequence_all_units_r3_l4,15,0.6644429704107123,0.06445039073699085,0.26129629629629625,0.06721198196231361
gaussian_sensory,temporal_full,embedding,8,lin_sequence_front_bands_r1_l2,15,0.7105033825195116,0.05262373470113681,0.3098148148148149,0.07869259180816811
gaussian_sensory,temporal_full,embedding,8,lin_sequence_front_bands_r1_l4,15,0.6857662130780412,0.05323678373474645,0.2672222222222222,0.06439539275350153
gaussian_sensory,temporal_full,embedding,8,lin_sequence_front_bands_r1_l8,15,0.7177956407391891,0.06047435128082468,0.2892592592592592,0.07367328744112694
gaussian_sensory,temporal_full,embedding,8,lin_sequence_front_bands_r3_l2,15,0.7066250058185541,0.05672787814783344,0.2824074074074074,0.07340638230134378
gaussian_sensory,temporal_full,embedding,8,lin_sequence_front_bands_r3_l4,15,0.68409970803788,0.060705223691324306,0.24962962962962962,0.06380767017585445
gaussian_sensory,temporal_full,embedding,8,lin_sequence_front_bands_r3_l8,15,0.699831824388276,0.062385728815474474,0.2794444444444445,0.07012460564923212
gaussian_sensory,temporal_full,embedding,8,lin_sequence_front_bands_r5_l2,15,0.6912965807589464,0.056042045264934705,0.28500000000000003,0.07311857281683044
gaussian_sensory,temporal_full,embedding,8,lin_sequence_front_bands_r5_l4,15,0.6925515006697801,0.061349404627175357,0.27129629629629626,0.07070998528086776
gaussian_sensory,temporal_full,embedding,8,lin_sequence_front_bands_r5_l8,15,0.720611277909665,0.05268837742554438,0.3087037037037037,0.0733248485284395
gaussian_sensory,temporal_full,embedding,8,memoryless_linear,15,0.6992078038449007,0.04462992060309099,0.2561111111111111,0.06168632605261468
gaussian_sensory,temporal_full,embedding,8,memoryless_mlp,15,0.6992078038449007,0.04462992060309099,0.2561111111111111,0.06168632605261468
gaussian_sensory,temporal_full,embedding,8,numpy_rnn,15,0.6923778685472235,0.04849231142272788,0.13999999999999999,0.02967192748075663
gaussian_sensory,temporal_full,embedding,8,reservoir_block_hybrid,15,0.6855105393411844,0.059714300875319905,0.2907407407407407,0.0755815522243696
gaussian_sensory,temporal_full,embedding,8,reservoir_diagonal,15,0.7488807364479406,0.04051202332010327,0.30370370370370375,0.06928906780088515
gaussian_sensory,temporal_full,embedding,8,reservoir_low_rank,15,0.6784634879258534,0.052909886015024575,0.2614814814814815,0.06564185125135097
gaussian_sensory,temporal_full,embedding,8,reservoir_nilpotent,15,0.6984637077379012,0.06182747493957495,0.2846296296296297,0.07652470690055566
gaussian_sensory,temporal_full,embedding,8,reservoir_orthogonal,15,0.6678070774307332,0.062111912586528234,0.2762962962962963,0.07138807395962235
gaussian_sensory,temporal_full,embedding,8,reservoir_oscillatory,15,0.6916604925341484,0.05037258264743031,0.295,0.07128162427195198
gaussian_sensory,temporal_full,embedding,8,reservoir_random,15,0.6804354541316905,0.05774071198061912,0.26111111111111107,0.0663982692449898
gaussian_sensory,temporal_full,embedding,8,reservoir_sparse,15,0.6960339506172839,0.05535522627137182,0.27277777777777773,0.06756624114877724
gaussian_sensory,temporal_full,embedding,8,reservoir_symmetric,15,0.7159268374994182,0.04649361095031962,0.26555555555555554,0.061139243164057264
gaussian_sensory,temporal_full,none,0,lin_block_r1_l2,15,0.7029663571195829,0.05120488844533431,nan,nan
gaussian_sensory,temporal_full,none,0,lin_block_r1_l4,15,0.7072876809570358,0.05303303158424279,nan,nan
gaussian_sensory,temporal_full,none,0,lin_block_r1_l8,15,0.7370501869695417,0.05842986690958553,nan,nan
gaussian_sensory,temporal_full,none,0,lin_block_r3_l2,15,0.695128396096138,0.049853682155453445,nan,nan
gaussian_sensory,temporal_full,none,0,lin_block_r3_l4,15,0.7232851944948719,0.05802741968650809,nan,nan
gaussian_sensory,temporal_full,none,0,lin_block_r3_l8,15,0.7420904125742834,0.062366170751460254,nan,nan
gaussian_sensory,temporal_full,none,0,lin_block_r5_l2,15,0.7286832611832612,0.05969256483243189,nan,nan
gaussian_sensory,temporal_full,none,0,lin_block_r5_l4,15,0.7023482133159552,0.06064074911838447,nan,nan
gaussian_sensory,temporal_full,none,0,lin_block_r5_l8,15,0.7180527820447175,0.060071949740716724,nan,nan
gaussian_sensory,temporal_full,none,0,lin_sequence_all_units_r3_l4,15,0.6784362053716892,0.06711496420205483,0.28296296296296297,0.07360942229602441
gaussian_sensory,temporal_full,none,0,lin_sequence_front_bands_r1_l2,15,0.6623957961592368,0.06203108970859941,0.30092592592592593,0.0750948188919649
gaussian_sensory,temporal_full,none,0,lin_sequence_front_bands_r1_l4,15,0.6949456159133578,0.055880045335719095,0.2816666666666667,0.07139164242316966
gaussian_sensory,temporal_full,none,0,lin_sequence_front_bands_r1_l8,15,0.6983677403838693,0.060062977452265,0.2798148148148148,0.06969608727624999
gaussian_sensory,temporal_full,none,0,lin_sequence_front_bands_r3_l2,15,0.6821421007308105,0.061055184725965786,0.27314814814814814,0.06746527111182786
gaussian_sensory,temporal_full,none,0,lin_sequence_front_bands_r3_l4,15,0.6718579484036472,0.06165035096203781,0.2638888888888889,0.0661026627477275
gaussian_sensory,temporal_full,none,0,lin_sequence_front_bands_r3_l8,15,0.7052311323682291,0.06291596365453003,0.2892592592592592,0.07441515388921713
gaussian_sensory,temporal_full,none,0,lin_sequence_front_bands_r5_l2,15,0.6908379041309148,0.06099909026643806,0.2909259259259259,0.07604623324292266
gaussian_sensory,temporal_full,none,0,lin_sequence_front_bands_r5_l4,15,0.6910169992293648,0.06107268448044307,0.2914814814814815,0.07329607973638638
gaussian_sensory,temporal_full,none,0,lin_sequence_front_bands_r5_l8,15,0.7090531337439939,0.05616885746691261,0.29759259259259263,0.07230706588837532
gaussian_sensory,temporal_full,none,0,memoryless_linear,15,0.6876570815683717,0.044133456358513984,0.22444444444444445,0.0602764062458257
gaussian_sensory,temporal_full,none,0,memoryless_mlp,15,0.6876570815683717,0.044133456358513984,0.22444444444444445,0.0602764062458257
gaussian_sensory,temporal_full,none,0,numpy_rnn,15,0.7185814752750236,0.049342927419184,0.21555555555555556,0.061843732635683726
gaussian_sensory,temporal_full,none,0,reservoir_block_hybrid,15,0.6666772499702608,0.05838850064090196,0.26407407407407407,0.06573615752709913
gaussian_sensory,temporal_full,none,0,reservoir_diagonal,15,0.7178951638763466,0.0575473826098614,0.35,0.0728942079295513
gaussian_sensory,temporal_full,none,0,reservoir_low_rank,15,0.7032387365720699,0.056148162474853894,0.3044444444444444,0.07250291404875692
gaussian_sensory,temporal_full,none,0,reservoir_nilpotent,15,0.6865544138259191,0.0636098085589173,0.2957407407407408,0.07439342535623418
gaussian_sensory,temporal_full,none,0,reservoir_orthogonal,15,0.6673571415641307,0.06404737958342344,0.2644444444444444,0.0695243984174523
gaussian_sensory,temporal_full,none,0,reservoir_oscillatory,15,0.6718954780782738,0.059298843830284144,0.30166666666666664,0.07801447355126039
gaussian_sensory,temporal_full,none,0,reservoir_random,15,0.6988550184383516,0.06204893689164483,0.2903703703703704,0.07650934066052875
gaussian_sensory,temporal_full,none,0,reservoir_sparse,15,0.6809353390536186,0.05979967053485492,0.3057407407407407,0.07187209936721285
gaussian_sensory,temporal_full,none,0,reservoir_symmetric,15,0.7170123663672051,0.060988178667203886,0.32796296296296296,0.08311632532285933
gaussian_sensory,temporal_full,one_hot,0,lin_block_r1_l2,15,0.7355398454592003,0.05456436729103837,nan,nan
gaussian_sensory,temporal_full,one_hot,0,lin_block_r1_l4,15,0.7133834310850439,0.05189380252012228,nan,nan
gaussian_sensory,temporal_full,one_hot,0,lin_block_r1_l8,15,0.7431441333457462,0.057283138735938245,nan,nan
gaussian_sensory,temporal_full,one_hot,0,lin_block_r3_l2,15,0.7016330936089,0.04928046138247216,nan,nan
gaussian_sensory,temporal_full,one_hot,0,lin_block_r3_l4,15,0.7260277700197055,0.0606472301370958,nan,nan
gaussian_sensory,temporal_full,one_hot,0,lin_block_r3_l8,15,0.7351785714285713,0.05901136546101663,nan,nan
gaussian_sensory,temporal_full,one_hot,0,lin_block_r5_l2,15,0.7237576804915514,0.057473362142539286,nan,nan
gaussian_sensory,temporal_full,one_hot,0,lin_block_r5_l4,15,0.7027842557681268,0.058871297802839735,nan,nan
gaussian_sensory,temporal_full,one_hot,0,lin_block_r5_l8,15,0.7146488696488695,0.0588054295543915,nan,nan
gaussian_sensory,temporal_full,one_hot,0,lin_sequence_all_units_r3_l4,15,0.7051477654165825,0.059116715226917416,0.28629629629629627,0.07879879098756092
gaussian_sensory,temporal_full,one_hot,0,lin_sequence_front_bands_r1_l2,15,0.6941571824233114,0.06018663729901351,0.2872222222222222,0.07207596097520798
gaussian_sensory,temporal_full,one_hot,0,lin_sequence_front_bands_r1_l4,15,0.7061302218291465,0.0529888498376356,0.29,0.07371563408799187
gaussian_sensory,temporal_full,one_hot,0,lin_sequence_front_bands_r1_l8,15,0.7379034585486196,0.05772662071780546,0.32944444444444443,0.0850220429971808
gaussian_sensory,temporal_full,one_hot,0,lin_sequence_front_bands_r3_l2,15,0.707533728219212,0.0608386806375325,0.2722222222222222,0.07062072564102316
gaussian_sensory,temporal_full,one_hot,0,lin_sequence_front_bands_r3_l4,15,0.6866795967871238,0.057676688843077396,0.25092592592592594,0.0627572112836222
gaussian_sensory,temporal_full,one_hot,0,lin_sequence_front_bands_r3_l8,15,0.7281420192710516,0.054466071988966754,0.30666666666666675,0.0778135783063718
gaussian_sensory,temporal_full,one_hot,0,lin_sequence_front_bands_r5_l2,15,0.7132202141745151,0.05622460581640486,0.3001851851851852,0.07696307372261867
gaussian_sensory,temporal_full,one_hot,0,lin_sequence_front_bands_r5_l4,15,0.6941804437100136,0.06234086411946917,0.27351851851851844,0.07522153576911753
gaussian_sensory,temporal_full,one_hot,0,lin_sequence_front_bands_r5_l8,15,0.7208679925212181,0.05790554344617824,0.31481481481481477,0.08316325972434953
gaussian_sensory,temporal_full,one_hot,0,memoryless_linear,15,0.7047633594004561,0.04468632577446109,0.2938888888888889,0.07173892014199357
gaussian_sensory,temporal_full,one_hot,0,memoryless_mlp,15,0.7047633594004561,0.04468632577446109,0.2938888888888889,0.07173892014199357
gaussian_sensory,temporal_full,one_hot,0,numpy_rnn,15,0.6919395568589116,0.04861120791953619,0.13555555555555554,0.036145892895213416
gaussian_sensory,temporal_full,one_hot,0,reservoir_block_hybrid,15,0.69938716401082,0.05695212399390678,0.28111111111111114,0.0683281711819679
gaussian_sensory,temporal_full,one_hot,0,reservoir_diagonal,15,0.7657576404081782,0.04706141493845264,0.32333333333333336,0.0722938188056721
gaussian_sensory,temporal_full,one_hot,0,reservoir_low_rank,15,0.6890809141077958,0.056634184803367765,0.2951851851851852,0.07330359880313976
gaussian_sensory,temporal_full,one_hot,0,reservoir_nilpotent,15,0.7011110593906292,0.05855824032611325,0.2803703703703704,0.07685653711733334
gaussian_sensory,temporal_full,one_hot,0,reservoir_orthogonal,15,0.69142513848159,0.061860857843898776,0.2948148148148148,0.07190859184430444
gaussian_sensory,temporal_full,one_hot,0,reservoir_oscillatory,15,0.6631797299673643,0.055266772985498896,0.24796296296296297,0.061245923130745394
gaussian_sensory,temporal_full,one_hot,0,reservoir_random,15,0.6840057771778201,0.05462999795023817,0.25574074074074077,0.06412623652802561
gaussian_sensory,temporal_full,one_hot,0,reservoir_sparse,15,0.6691035288884751,0.05736323147160483,0.26555555555555554,0.06383526620178162
gaussian_sensory,temporal_full,one_hot,0,reservoir_symmetric,15,0.7028294077487625,0.05362029774324688,0.2833333333333333,0.06775131758634277
