obs_mode,temporal_mode,model,n_tasks,action_accuracy_mean,action_accuracy_sem,greedy_success_mean,greedy_success_sem
egocentric_landmark,temporal_cue_then_blank,lin_sequence_all_units_r3_l4,11,0.5498815073815074,0.06774091104966379,0.17261904761904762,0.04472312008788704
egocentric_landmark,temporal_cue_then_blank,lin_sequence_front_bands_r1_l2,11,0.5030461899211899,0.07272262628075524,0.09556277056277054,0.052180374262562244
egocentric_landmark,temporal_cue_then_blank,lin_sequence_front_bands_r1_l4,11,0.5469251581751582,0.06847693288796497,0.12817460317460316,0.042737761953036246
egocentric_landmark,temporal_cue_then_blank,lin_sequence_front_bands_r1_l8,11,0.6780461899211899,0.08526963548479077,0.3608585858585858,0.10642284221331781
egocentric_landmark,temporal_cue_then_blank,lin_sequence_front_bands_r3_l2,11,0.5407599345099344,0.0648240055678984,0.11374458874458875,0.03993993981855275
egocentric_landmark,temporal_cue_then_blank,lin_sequence_front_bands_r3_l4,11,0.5785494366744367,0.07179506987980196,0.198015873015873,0.05335700768961202
egocentric_landmark,temporal_cue_then_blank,lin_sequence_front_bands_r3_l8,11,0.6777729215229216,0.08565135160411784,0.34718614718614726,0.10457805392612875
egocentric_landmark,temporal_cue_then_blank,lin_sequence_front_bands_r5_l2,11,0.5391004828504827,0.06335654193374891,0.19336219336219332,0.051172410061633644
egocentric_landmark,temporal_cue_then_blank,lin_sequence_front_bands_r5_l4,11,0.6246091408591409,0.07873964001924111,0.2902236652236652,0.08851007123550947
egocentric_landmark,temporal_cue_then_blank,lin_sequence_front_bands_r5_l8,11,0.6638199994449994,0.08393399459383953,0.3356782106782107,0.10415590138209098
egocentric_landmark,temporal_cue_then_blank,memoryless_linear,11,0.4883591408591409,0.06396919063629927,0.03560606060606061,0.022587956842235715
egocentric_landmark,temporal_cue_then_blank,memoryless_mlp,11,0.4883591408591409,0.06396919063629927,0.03560606060606061,0.022587956842235715
egocentric_landmark,temporal_cue_then_blank,numpy_rnn,11,0.5594894688644688,0.05910319151015197,0.06547619047619048,0.02790113815987383
egocentric_landmark,temporal_cue_then_blank,reservoir_block_hybrid,11,0.6131219474969476,0.0745259807625627,0.28672438672438666,0.08005163655332878
egocentric_landmark,temporal_cue_then_blank,reservoir_diagonal,11,0.5917871711621712,0.07211382418364194,0.21764069264069263,0.057022012362121274
egocentric_landmark,temporal_cue_then_blank,reservoir_low_rank,11,0.5433762765012765,0.06551388290362407,0.1921717171717172,0.04523107243117452
egocentric_landmark,temporal_cue_then_blank,reservoir_nilpotent,11,0.6549247974247975,0.08530997373402326,0.327020202020202,0.10124511801083776
egocentric_landmark,temporal_cue_then_blank,reservoir_orthogonal,11,0.64185390997891,0.08536467914230118,0.3188672438672439,0.0989227311468227
egocentric_landmark,temporal_cue_then_blank,reservoir_oscillatory,11,0.5592673298923299,0.06565644757300289,0.24126984126984122,0.06848746930963513
egocentric_landmark,temporal_cue_then_blank,reservoir_random,11,0.5773670773670774,0.06642113213509508,0.2644300144300144,0.07006499227380425
egocentric_landmark,temporal_cue_then_blank,reservoir_sparse,11,0.5685927267177266,0.07279705243074584,0.2689754689754689,0.07442123085041097
egocentric_landmark,temporal_cue_then_blank,reservoir_symmetric,11,0.5908365939615939,0.07080647186551743,0.252994227994228,0.06695694045838634
egocentric_landmark,temporal_dropout,lin_sequence_all_units_r3_l4,11,0.5737884337884338,0.055072817938295875,0.18722943722943722,0.05821233974911256
egocentric_landmark,temporal_dropout,lin_sequence_front_bands_r1_l2,11,0.5721167721167721,0.05768268148438768,0.1815295815295815,0.04575610872809776
egocentric_landmark,temporal_dropout,lin_sequence_front_bands_r1_l4,11,0.5636620324120325,0.05257548615341009,0.1709235209235209,0.05120856898372408
egocentric_landmark,temporal_dropout,lin_sequence_front_bands_r1_l8,11,0.6469483988233988,0.06426811985239386,0.24567099567099565,0.06403960905157412
egocentric_landmark,temporal_dropout,lin_sequence_front_bands_r3_l2,11,0.5299565712065711,0.05576443747125858,0.17229437229437228,0.04532480797862532
egocentric_landmark,temporal_dropout,lin_sequence_front_bands_r3_l4,11,0.5536322011322011,0.06497553565609351,0.1617965367965368,0.04704585551579389
egocentric_landmark,temporal_dropout,lin_sequence_front_bands_r3_l8,11,0.6130383505383507,0.06355668146545713,0.21197691197691196,0.05606805503745491
egocentric_landmark,temporal_dropout,lin_sequence_front_bands_r5_l2,11,0.5486482961482961,0.05806869081196103,0.1756854256854257,0.05073107535369657
egocentric_landmark,temporal_dropout,lin_sequence_front_bands_r5_l4,11,0.579020979020979,0.06860834435910662,0.17135642135642135,0.05113537808487553
egocentric_landmark,temporal_dropout,lin_sequence_front_bands_r5_l8,11,0.6432708263958264,0.05832784852158952,0.23196248196248198,0.058117819134490066
egocentric_landmark,temporal_dropout,memoryless_linear,11,0.5848297535797536,0.05853851450535945,0.1590909090909091,0.05067043628140238
egocentric_landmark,temporal_dropout,memoryless_mlp,11,0.5848297535797536,0.05853851450535945,0.1590909090909091,0.05067043628140238
egocentric_landmark,temporal_dropout,numpy_rnn,11,0.5966949716949718,0.053866165832437404,0.09545454545454546,0.04964982982316493
egocentric_landmark,temporal_dropout,reservoir_block_hybrid,11,0.57182504995005,0.05945050743859444,0.19267676767676764,0.05660408597194657
egocentric_landmark,temporal_dropout,reservoir_diagonal,11,0.5652557165057165,0.06826507241953496,0.1797258297258297,0.04805173950962031
egocentric_landmark,temporal_dropout,reservoir_low_rank,11,0.554754897879898,0.0537493625172841,0.17027417027417027,0.05071426467179339
egocentric_landmark,temporal_dropout,reservoir_nilpotent,11,0.5751526251526253,0.06457910169460077,0.19480519480519476,0.056429541908346544
egocentric_landmark,temporal_dropout,reservoir_orthogonal,11,0.5811023004773005,0.06312869711405364,0.19264069264069264,0.05553360635354763
egocentric_landmark,temporal_dropout,reservoir_oscillatory,11,0.5328096903096903,0.0545316379921621,0.1841269841269841,0.04964206267827148
egocentric_landmark,temporal_dropout,reservoir_random,11,0.5529520479520479,0.07121987889730591,0.20818903318903323,0.06324048898348485
egocentric_landmark,temporal_dropout,reservoir_sparse,11,0.5590463702963704,0.06447485269694068,0.1945887445887446,0.05251606695842182
egocentric_landmark,temporal_dropout,reservoir_symmetric,11,0.5596924603174604,0.05533403037151963,0.1784992784992785,0.05241061892699041
egocentric_landmark,temporal_full,lin_sequence_all_units_r3_l4,11,0.7132842851592852,0.07698400252661611,0.31926406926406925,0.07122587006580587
egocentric_landmark,temporal_full,lin_sequence_front_bands_r1_l2,11,0.6866944166944168,0.07280035793991224,0.3207792207792208,0.07590178502839412
egocentric_landmark,temporal_full,lin_sequence_front_bands_r1_l4,11,0.7250539044289044,0.07299009423130413,0.2963203463203464,0.07182089409939492
egocentric_landmark,temporal_full,lin_sequence_front_bands_r1_l8,11,0.77754329004329,0.07575513246656974,0.37716450216450215,0.11222804106699419
egocentric_landmark,temporal_full,lin_sequence_front_bands_r3_l2,11,0.6981363775113775,0.07285018025392039,0.3116522366522366,0.07204518349896986
egocentric_landmark,temporal_full,lin_sequence_front_bands_r3_l4,11,0.7165155677655678,0.07622275789830278,0.3024170274170274,0.06671196956203729
egocentric_landmark,temporal_full,lin_sequence_front_bands_r3_l8,11,0.7606306193806194,0.07921135613933786,0.3812770562770563,0.10927954465401767
egocentric_landmark,temporal_full,lin_sequence_front_bands_r5_l2,11,0.7180846237096238,0.07600995908275628,0.291991341991342,0.06899599208945374
egocentric_landmark,temporal_full,lin_sequence_front_bands_r5_l4,11,0.7164761627261629,0.08028443648755036,0.3335137085137085,0.08808866250234641
egocentric_landmark,temporal_full,lin_sequence_front_bands_r5_l8,11,0.759997988122988,0.07607737788376541,0.384920634920635,0.10501615753715964
egocentric_landmark,temporal_full,memoryless_linear,11,0.7180954462204463,0.07044401847225304,0.358982683982684,0.08789191519037977
egocentric_landmark,temporal_full,memoryless_mlp,11,0.7180954462204463,0.07044401847225304,0.358982683982684,0.08789191519037977
egocentric_landmark,temporal_full,numpy_rnn,11,0.6751689976689976,0.06434552591756787,0.112012987012987,0.0411812962224539
egocentric_landmark,temporal_full,reservoir_block_hybrid,11,0.7182512626262626,0.07609556102795932,0.38340548340548336,0.09596395198914252
egocentric_landmark,temporal_full,reservoir_diagonal,11,0.7563747363747364,0.07217285514666694,0.44736652236652236,0.10732865981159012
egocentric_landmark,temporal_full,reservoir_low_rank,11,0.699372224997225,0.07544111309163515,0.4134559884559884,0.09643874694002741
egocentric_landmark,temporal_full,reservoir_nilpotent,11,0.7229569042069042,0.08131371354374926,0.35003607503607503,0.1022329721093975
egocentric_landmark,temporal_full,reservoir_orthogonal,11,0.7065447746697747,0.0847769871700792,0.35407647907647904,0.09943464483749391
egocentric_landmark,temporal_full,reservoir_oscillatory,11,0.6938437950937951,0.07288092363645918,0.4182539682539682,0.09773106525991267
egocentric_landmark,temporal_full,reservoir_random,11,0.6708402014652015,0.07830393129185902,0.34747474747474744,0.0831871230361817
egocentric_landmark,temporal_full,reservoir_sparse,11,0.6818174880674881,0.07404139689965132,0.3586219336219336,0.08001662734105502
egocentric_landmark,temporal_full,reservoir_symmetric,11,0.7267121073371073,0.07521829768759576,0.4406204906204907,0.09902944216269989
hybrid,temporal_cue_then_blank,lin_sequence_all_units_r3_l4,11,0.5660595654345655,0.059640237359936184,0.20829725829725831,0.0508592327383647
hybrid,temporal_cue_then_blank,lin_sequence_front_bands_r1_l2,11,0.5044659507159507,0.06176276064229848,0.1187229437229437,0.04634443784221376
hybrid,temporal_cue_then_blank,lin_sequence_front_bands_r1_l4,11,0.5525321206571205,0.05626636663038969,0.19137806637806634,0.05061810424379569
hybrid,temporal_cue_then_blank,lin_sequence_front_bands_r1_l8,11,0.6919783688533688,0.07622052053953408,0.34314574314574314,0.10178660512999539
hybrid,temporal_cue_then_blank,lin_sequence_front_bands_r3_l2,11,0.5151292457542458,0.055117643499654395,0.18816738816738815,0.05254733888593586
hybrid,temporal_cue_then_blank,lin_sequence_front_bands_r3_l4,11,0.5714742202242202,0.06010992176206502,0.21727994227994227,0.052579136748023475
hybrid,temporal_cue_then_blank,lin_sequence_front_bands_r3_l8,11,0.6863371350871351,0.07444015587900207,0.34130591630591633,0.0944779133365858
hybrid,temporal_cue_then_blank,lin_sequence_front_bands_r5_l2,11,0.5675855394605395,0.05887329873678768,0.23383838383838385,0.05605059515675808
hybrid,temporal_cue_then_blank,lin_sequence_front_bands_r5_l4,11,0.6147705072705074,0.06538768547425783,0.26035353535353534,0.06594739395543478
hybrid,temporal_cue_then_blank,lin_sequence_front_bands_r5_l8,11,0.668866896991897,0.07544321330241971,0.32305194805194803,0.09950216293266106
hybrid,temporal_cue_then_blank,memoryless_linear,11,0.4915528221778222,0.05895531871709528,0.057900432900432904,0.020858378716222533
hybrid,temporal_cue_then_blank,memoryless_mlp,11,0.4915528221778222,0.05895531871709528,0.057900432900432904,0.020858378716222533
hybrid,temporal_cue_then_blank,numpy_rnn,11,0.5904276973026973,0.054950054393986154,0.062445887445887444,0.027689939078089545
hybrid,temporal_cue_then_blank,reservoir_block_hybrid,11,0.6059321928071928,0.0654992763959503,0.2803030303030303,0.07757771396417766
hybrid,temporal_cue_then_blank,reservoir_diagonal,11,0.6247886141636142,0.058161872382362374,0.19613997113997114,0.051595406481453394
hybrid,temporal_cue_then_blank,reservoir_low_rank,11,0.5401039238539239,0.0576722119611399,0.21652236652236648,0.05541848873543663
hybrid,temporal_cue_then_blank,reservoir_nilpotent,11,0.6735152347652349,0.07598084418583234,0.34520202020202023,0.10145137199418298
hybrid,temporal_cue_then_blank,reservoir_orthogonal,11,0.651604020979021,0.07415174272396348,0.3318181818181818,0.0994932189769005
hybrid,temporal_cue_then_blank,reservoir_oscillatory,11,0.5508678127428127,0.06057879575244874,0.234018759018759,0.061093307382718336
hybrid,temporal_cue_then_blank,reservoir_random,11,0.5691998973248974,0.05740913816297835,0.23416305916305913,0.05723040868207286
hybrid,temporal_cue_then_blank,reservoir_sparse,11,0.5832648601398601,0.06471139244828675,0.2602813852813853,0.06888888171015281
hybrid,temporal_cue_then_blank,reservoir_symmetric,11,0.6027864496614497,0.06449482938450642,0.21764069264069263,0.055016019658627034
hybrid,temporal_dropout,lin_sequence_all_units_r3_l4,11,0.5173540348540349,0.053634068327981683,0.1925324675324675,0.05370481545383195
hybrid,temporal_dropout,lin_sequence_front_bands_r1_l2,11,0.5289450133200133,0.05364868107413437,0.19877344877344874,0.051454720700131504
hybrid,temporal_dropout,lin_sequence_front_bands_r1_l4,11,0.5419660894660895,0.05590536933962737,0.2088023088023088,0.05911097379966307
hybrid,temporal_dropout,lin_sequence_front_bands_r1_l8,11,0.6395258214008215,0.06507765985737773,0.18766233766233767,0.05083696336463365
hybrid,temporal_dropout,lin_sequence_front_bands_r3_l2,11,0.5550311494061494,0.04851562976074942,0.2236291486291486,0.06275577233653777
hybrid,temporal_dropout,lin_sequence_front_bands_r3_l4,11,0.5246597846597847,0.056592875310982976,0.18225108225108225,0.05158433477175049
hybrid,temporal_dropout,lin_sequence_front_bands_r3_l8,11,0.6631629481629482,0.059058261184509665,0.24426406926406924,0.0661056880190236
hybrid,temporal_dropout,lin_sequence_front_bands_r5_l2,11,0.5467510267510268,0.0541436898036299,0.1971500721500722,0.05464206773524656
hybrid,temporal_dropout,lin_sequence_front_bands_r5_l4,11,0.5784822816072815,0.05861045866141973,0.18668831168831168,0.045998189105730676
hybrid,temporal_dropout,lin_sequence_front_bands_r5_l8,11,0.6387110805860806,0.05538408690333667,0.22723665223665224,0.05402595041917442
hybrid,temporal_dropout,memoryless_linear,11,0.5714071345321345,0.06017998939036024,0.19664502164502162,0.062773790781307
hybrid,temporal_dropout,memoryless_mlp,11,0.5714071345321345,0.06017998939036024,0.19664502164502162,0.062773790781307
hybrid,temporal_dropout,numpy_rnn,11,0.6264693639693639,0.05151890669420603,0.07002164502164501,0.02761047139844998
hybrid,temporal_dropout,reservoir_block_hybrid,11,0.596792304917305,0.04994090330639284,0.20555555555555555,0.05694721599562244
hybrid,temporal_dropout,reservoir_diagonal,11,0.6260538073038072,0.04370222242379863,0.2323232323232323,0.05750527317751025
hybrid,temporal_dropout,reservoir_low_rank,11,0.528787185037185,0.053421051915010724,0.17795815295815295,0.048016957151975674
hybrid,temporal_dropout,reservoir_nilpotent,11,0.5915295121545122,0.06818732163449125,0.18715728715728713,0.04967700919637792
hybrid,temporal_dropout,reservoir_orthogonal,11,0.601444388944389,0.056910931261946233,0.17774170274170273,0.045252853676805385
hybrid,temporal_dropout,reservoir_oscillatory,11,0.5232381507381508,0.05559234214623446,0.1995670995670996,0.05592989873419799
hybrid,temporal_dropout,reservoir_random,11,0.5376151626151626,0.05465984524085278,0.1875180375180375,0.042863701452767314
hybrid,temporal_dropout,reservoir_sparse,11,0.5753500666000666,0.050146167971060016,0.208008658008658,0.051712546879990454
hybrid,temporal_dropout,reservoir_symmetric,11,0.6033003801753801,0.05392803686904376,0.20898268398268396,0.051566770049221264
hybrid,temporal_full,lin_sequence_all_units_r3_l4,11,0.6475400294150294,0.07087669004505694,0.24617604617604616,0.05860286292085609
hybrid,temporal_full,lin_sequence_front_bands_r1_l2,11,0.6762742812742814,0.055312697155827456,0.3072150072150072,0.08183420723568935
hybrid,temporal_full,lin_sequence_front_bands_r1_l4,11,0.6588362332112333,0.058398358909737554,0.25537518037518037,0.06307541330566867
hybrid,temporal_full,lin_sequence_front_bands_r1_l8,11,0.7827127733377733,0.06670191914351001,0.36994949494949486,0.10264379622350851
hybrid,temporal_full,lin_sequence_front_bands_r3_l2,11,0.6123915667665668,0.060791378885790094,0.27745310245310245,0.07083121261860283
hybrid,temporal_full,lin_sequence_front_bands_r3_l4,11,0.6951782245532245,0.06937844374324287,0.2737734487734487,0.06401409792026279
hybrid,temporal_full,lin_sequence_front_bands_r3_l8,11,0.7917143967143967,0.06524026105835619,0.3780303030303031,0.10380151794182904
hybrid,temporal_full,lin_sequence_front_bands_r5_l2,11,0.688103701853702,0.05995653290492833,0.26951659451659454,0.06666024195537319
hybrid,temporal_full,lin_sequence_front_bands_r5_l4,11,0.741707251082251,0.06890616432796276,0.3262987012987013,0.0889354536048
hybrid,temporal_full,lin_sequence_front_bands_r5_l8,11,0.774220571095571,0.06464176580652936,0.3521645021645022,0.0950517110126351
hybrid,temporal_full,memoryless_linear,11,0.7079412254412255,0.06335473543249101,0.29534632034632036,0.09026182947326183
hybrid,temporal_full,memoryless_mlp,11,0.7079412254412255,0.06335473543249101,0.29534632034632036,0.09026182947326183
hybrid,temporal_full,numpy_rnn,11,0.6669807276057277,0.06199123415018386,0.08755411255411255,0.035234644895270124
hybrid,temporal_full,reservoir_block_hybrid,11,0.7140041208791209,0.060734869906763335,0.3145382395382395,0.07408871834934795
hybrid,temporal_full,reservoir_diagonal,11,0.7319251581751582,0.059610779899466164,0.3068903318903319,0.07350875648260913
hybrid,temporal_full,reservoir_low_rank,11,0.6713557276057275,0.05860981455792484,0.34451659451659455,0.07670046776425896
hybrid,temporal_full,reservoir_nilpotent,11,0.7483084276834276,0.0643886830870369,0.32225829725829724,0.08233347560505466
hybrid,temporal_full,reservoir_orthogonal,11,0.7415966672216672,0.07190152547463857,0.35497835497835495,0.09167362160163299
hybrid,temporal_full,reservoir_oscillatory,11,0.6653018509268509,0.06376162841868808,0.3103174603174603,0.07155822368206016
hybrid,temporal_full,reservoir_random,11,0.6922838966588967,0.062225782684738364,0.3047979797979798,0.07068100168780773
hybrid,temporal_full,reservoir_sparse,11,0.681874444999445,0.057981733921724884,0.2950937950937951,0.06509588870775339
hybrid,temporal_full,reservoir_symmetric,11,0.6768364968364969,0.0639102393341661,0.30277777777777776,0.07616933554106717
sparse_aliased,temporal_cue_then_blank,lin_sequence_all_units_r3_l4,11,0.5183392995892996,0.06370506068147909,0.16345598845598844,0.04357564219952085
sparse_aliased,temporal_cue_then_blank,lin_sequence_front_bands_r1_l2,11,0.4820793789543789,0.07721458045615608,0.09274891774891776,0.045606964613192455
sparse_aliased,temporal_cue_then_blank,lin_sequence_front_bands_r1_l4,11,0.5328288378288378,0.07317513776363523,0.11998556998556999,0.04253510805746855
sparse_aliased,temporal_cue_then_blank,lin_sequence_front_bands_r1_l8,11,0.6576123876123877,0.08137440184765327,0.3227272727272727,0.10372537379081397
sparse_aliased,temporal_cue_then_blank,lin_sequence_front_bands_r3_l2,11,0.4953973803973804,0.07190724872754732,0.12113997113997113,0.04360003249841984
sparse_aliased,temporal_cue_then_blank,lin_sequence_front_bands_r3_l4,11,0.5284854034854034,0.06772706311666657,0.1821428571428571,0.04833667415717516
sparse_aliased,temporal_cue_then_blank,lin_sequence_front_bands_r3_l8,11,0.6604698773448774,0.0871600399864153,0.33333333333333337,0.1114282091359535
sparse_aliased,temporal_cue_then_blank,lin_sequence_front_bands_r5_l2,11,0.5059835997335997,0.06406371431989638,0.18578643578643578,0.05105494038028683
sparse_aliased,temporal_cue_then_blank,lin_sequence_front_bands_r5_l4,11,0.5860178710178711,0.07784673070144377,0.2526334776334776,0.06709459205128561
sparse_aliased,temporal_cue_then_blank,lin_sequence_front_bands_r5_l8,11,0.6439783827283827,0.08624183085057595,0.3271284271284271,0.10280585776868562
sparse_aliased,temporal_cue_then_blank,memoryless_linear,11,0.4829045954045954,0.06546816015962142,0.03560606060606061,0.022587956842235715
sparse_aliased,temporal_cue_then_blank,memoryless_mlp,11,0.4829045954045954,0.06546816015962142,0.03560606060606061,0.022587956842235715
sparse_aliased,temporal_cue_then_blank,numpy_rnn,11,0.5482307276057276,0.06038538553357382,0.062445887445887444,0.027689939078089545
sparse_aliased,temporal_cue_then_blank,reservoir_block_hybrid,11,0.5666645160395161,0.06826115906859562,0.23968253968253964,0.06606805389853804
sparse_aliased,temporal_cue_then_blank,reservoir_diagonal,11,0.5777963702963703,0.06819532963322625,0.20230880230880227,0.0579674801620068
sparse_aliased,temporal_cue_then_blank,reservoir_low_rank,11,0.4990108502608503,0.07134647433684052,0.21269841269841266,0.05872040791095683
sparse_aliased,temporal_cue_then_blank,reservoir_nilpotent,11,0.6282887945387945,0.08013038706879375,0.31626984126984126,0.09711567622355997
sparse_aliased,temporal_cue_then_blank,reservoir_orthogonal,11,0.618866896991897,0.07837330489745357,0.31446608946608945,0.09483955458060528
sparse_aliased,temporal_cue_then_blank,reservoir_oscillatory,11,0.5646470196470197,0.06511279127141256,0.2617965367965368,0.0716339457891482
sparse_aliased,temporal_cue_then_blank,reservoir_random,11,0.5496343933843933,0.06323583447093516,0.25075757575757573,0.06588141374835463
sparse_aliased,temporal_cue_then_blank,reservoir_sparse,11,0.5372101509601509,0.06333604005358397,0.2321067821067821,0.06114702226627168
sparse_aliased,temporal_cue_then_blank,reservoir_symmetric,11,0.5486621711621711,0.06731659208374685,0.21879509379509374,0.05844643727519685
sparse_aliased,temporal_dropout,lin_sequence_all_units_r3_l4,11,0.504192821067821,0.05643949391955578,0.1560966810966811,0.045022532435661615
sparse_aliased,temporal_dropout,lin_sequence_front_bands_r1_l2,11,0.5239278776778776,0.06436285363418445,0.12813852813852813,0.050310582106027284
sparse_aliased,temporal_dropout,lin_sequence_front_bands_r1_l4,11,0.5127253302253303,0.055898535351346375,0.1603896103896104,0.04404446052212543
sparse_aliased,temporal_dropout,lin_sequence_front_bands_r1_l8,11,0.6082255938505939,0.05120561671266851,0.18513708513708513,0.050082171067888114
sparse_aliased,temporal_dropout,lin_sequence_front_bands_r3_l2,11,0.47283209845709845,0.060796168640684434,0.15450937950937949,0.04688479957736345
sparse_aliased,temporal_dropout,lin_sequence_front_bands_r3_l4,11,0.5233309745809746,0.057577733756506724,0.1596320346320346,0.050125135187572986
sparse_aliased,temporal_dropout,lin_sequence_front_bands_r3_l8,11,0.5985318847818849,0.061311062564209415,0.20873015873015868,0.06012650623561553
sparse_aliased,temporal_dropout,lin_sequence_front_bands_r5_l2,11,0.5343749306249307,0.05762666316181465,0.17380952380952383,0.05442752967171585
sparse_aliased,temporal_dropout,lin_sequence_front_bands_r5_l4,11,0.5301592851592851,0.061385162076906294,0.1477633477633478,0.044398788416023856
sparse_aliased,temporal_dropout,lin_sequence_front_bands_r5_l8,11,0.5855054667554668,0.0586772483143458,0.18416305916305917,0.04327797150106376
sparse_aliased,temporal_dropout,memoryless_linear,11,0.5650840825840826,0.05873630127446815,0.1353896103896104,0.06328752267559873
sparse_aliased,temporal_dropout,memoryless_mlp,11,0.5650840825840826,0.05873630127446815,0.1353896103896104,0.06328752267559873
sparse_aliased,temporal_dropout,numpy_rnn,11,0.5918210955710955,0.058967165496056205,0.08452380952380953,0.03610714660380813
sparse_aliased,temporal_dropout,reservoir_block_hybrid,11,0.5299914668664669,0.051062951696592106,0.15667388167388172,0.04392289643542544
sparse_aliased,temporal_dropout,reservoir_diagonal,11,0.5222592685092685,0.06533580909561262,0.15494227994227994,0.04440130622790722
sparse_aliased,temporal_dropout,reservoir_low_rank,11,0.5105918387168388,0.05840818887555569,0.15303030303030304,0.049861557136879245
sparse_aliased,temporal_dropout,reservoir_nilpotent,11,0.5778629009879009,0.06472160700032603,0.18867243867243866,0.05566193596675499
sparse_aliased,temporal_dropout,reservoir_orthogonal,11,0.5435362554112554,0.05554048963032829,0.16580086580086578,0.04395026545633269
sparse_aliased,temporal_dropout,reservoir_oscillatory,11,0.5107044344544345,0.057550476557207755,0.15627705627705626,0.047367354860039096
sparse_aliased,temporal_dropout,reservoir_random,11,0.5451973026973028,0.056736017673589,0.15043290043290042,0.03971634399067193
sparse_aliased,temporal_dropout,reservoir_sparse,11,0.5127833277833278,0.05428249016210072,0.154004329004329,0.0468744226483743
sparse_aliased,temporal_dropout,reservoir_symmetric,11,0.537215145965146,0.05718191030105206,0.14783549783549785,0.042963644446708
sparse_aliased,temporal_full,lin_sequence_all_units_r3_l4,11,0.6425214368964369,0.07287103614640658,0.23246753246753246,0.06549374066646632
sparse_aliased,temporal_full,lin_sequence_front_bands_r1_l2,11,0.6086410811410811,0.07305527032050765,0.15750360750360748,0.06957770052481241
sparse_aliased,temporal_full,lin_sequence_front_bands_r1_l4,11,0.6523801892551894,0.06993606416516235,0.19927849927849925,0.05870065310713252
sparse_aliased,temporal_full,lin_sequence_front_bands_r1_l8,11,0.7464896908646907,0.08323181239497517,0.3683982683982684,0.11392131752350697
sparse_aliased,temporal_full,lin_sequence_front_bands_r3_l2,11,0.6412622100122101,0.07706527932431202,0.19891774891774885,0.06119540977702993
sparse_aliased,temporal_full,lin_sequence_front_bands_r3_l4,11,0.6831329087579089,0.07447517960326991,0.2281024531024531,0.06513562701479847
sparse_aliased,temporal_full,lin_sequence_front_bands_r3_l8,11,0.7305533355533356,0.0825752383437716,0.3506493506493506,0.1089411151295845
sparse_aliased,temporal_full,lin_sequence_front_bands_r5_l2,11,0.6506693306693306,0.07285693900803883,0.23665223665223667,0.06598400029891137
sparse_aliased,temporal_full,lin_sequence_front_bands_r5_l4,11,0.7020652958152959,0.07341475510966698,0.3115800865800865,0.08980085189998793
sparse_aliased,temporal_full,lin_sequence_front_bands_r5_l8,11,0.744649100899101,0.07479034452868381,0.34967532467532464,0.11254728930922048
sparse_aliased,temporal_full,memoryless_linear,11,0.6081522644022644,0.07086617924422586,0.1892857142857143,0.07302032344175877
sparse_aliased,temporal_full,memoryless_mlp,11,0.6081522644022644,0.07086617924422586,0.1892857142857143,0.07302032344175877
sparse_aliased,temporal_full,numpy_rnn,11,0.6510716366966368,0.06374104376876671,0.07077922077922079,0.030251966871545462
sparse_aliased,temporal_full,reservoir_block_hybrid,11,0.6576320207570208,0.06628854103139567,0.2789321789321789,0.0775153392302912
sparse_aliased,temporal_full,reservoir_diagonal,11,0.6794248112998112,0.06796585060769304,0.28084415584415584,0.07361314024867463
sparse_aliased,temporal_full,reservoir_low_rank,11,0.62125222000222,0.07095678173944561,0.29776334776334773,0.08099727260089241
sparse_aliased,temporal_full,reservoir_nilpotent,11,0.7103912060162061,0.07840109744380382,0.3155483405483405,0.10249555676903968
sparse_aliased,temporal_full,reservoir_orthogonal,11,0.7072240259740259,0.07730031222024265,0.3289321789321789,0.09576484403613186
sparse_aliased,temporal_full,reservoir_oscillatory,11,0.6495865245865245,0.06982383810500475,0.2871572871572871,0.07646039685844383
sparse_aliased,temporal_full,reservoir_random,11,0.6470248501498501,0.07069983552473966,0.30501443001442996,0.08380752655296907
sparse_aliased,temporal_full,reservoir_sparse,11,0.6641960816960817,0.07164703966083438,0.30844155844155846,0.08537043375259744
sparse_aliased,temporal_full,reservoir_symmetric,11,0.6699133505383505,0.0683788574889796,0.3315295815295815,0.08629540136963063
vector,temporal_cue_then_blank,lin_sequence_all_units_r3_l4,11,0.5607157425907426,0.05653809131406174,0.20270562770562772,0.0535943999218893
vector,temporal_cue_then_blank,lin_sequence_front_bands_r1_l2,11,0.505702491952492,0.0648019806635043,0.10054112554112553,0.043778975926318485
vector,temporal_cue_then_blank,lin_sequence_front_bands_r1_l4,11,0.5345424020424021,0.055304997816570355,0.1490981240981241,0.04461111075520918
vector,temporal_cue_then_blank,lin_sequence_front_bands_r1_l8,11,0.6758861971361971,0.07550681417941373,0.30476190476190473,0.08677124760081413
vector,temporal_cue_then_blank,lin_sequence_front_bands_r3_l2,11,0.5240526834276834,0.051593193724161254,0.16309523809523807,0.0482947193973175
vector,temporal_cue_then_blank,lin_sequence_front_bands_r3_l4,11,0.5788154900654902,0.05942544391412045,0.20519480519480518,0.05266477868814749
vector,temporal_cue_then_blank,lin_sequence_front_bands_r3_l8,11,0.7032337801087801,0.07904808137335641,0.34408369408369405,0.10969712605997829
vector,temporal_cue_then_blank,lin_sequence_front_bands_r5_l2,11,0.5780768537018537,0.057133137598213625,0.21536796536796532,0.05459930192893551
vector,temporal_cue_then_blank,lin_sequence_front_bands_r5_l4,11,0.6163055694305694,0.05989419118121415,0.23618326118326116,0.06075741468131944
vector,temporal_cue_then_blank,lin_sequence_front_bands_r5_l8,11,0.6697164640914641,0.07233030764591256,0.29292929292929293,0.08722910900268505
vector,temporal_cue_then_blank,memoryless_linear,11,0.5155121961371962,0.05928377599889122,0.062445887445887444,0.0187774149447387
vector,temporal_cue_then_blank,memoryless_mlp,11,0.5155121961371962,0.05928377599889122,0.062445887445887444,0.0187774149447387
vector,temporal_cue_then_blank,numpy_rnn,11,0.5896890609390609,0.05518436852487612,0.062445887445887444,0.027689939078089545
vector,temporal_cue_then_blank,reservoir_block_hybrid,11,0.5944657425907426,0.05623544023506133,0.25883838383838387,0.06934722303833263
vector,temporal_cue_then_blank,reservoir_diagonal,11,0.6416386391386392,0.06470551493071801,0.18874458874458871,0.048506027206374036
vector,temporal_cue_then_blank,reservoir_low_rank,11,0.556612900987901,0.06274869152867077,0.18520923520923518,0.04798145794522412
vector,temporal_cue_then_blank,reservoir_nilpotent,11,0.6596587440337441,0.07015103247204378,0.3328643578643578,0.08980732386499805
vector,temporal_cue_then_blank,reservoir_orthogonal,11,0.6548156704406705,0.07178114475351303,0.33654401154401153,0.09446018358894408
vector,temporal_cue_then_blank,reservoir_oscillatory,11,0.5586648767898768,0.0597040682031684,0.22496392496392492,0.061831492107234556
vector,temporal_cue_then_blank,reservoir_random,11,0.6367997974247974,0.05927676030279081,0.2953823953823954,0.07364604062555943
vector,temporal_cue_then_blank,reservoir_sparse,11,0.5852065295815296,0.056321282668811715,0.2531746031746032,0.06711114114519308
vector,temporal_cue_then_blank,reservoir_symmetric,11,0.641648421023421,0.0605964854689724,0.23813131313131314,0.06041161990890797
vector,temporal_dropout,lin_sequence_all_units_r3_l4,11,0.5339242701742702,0.051158790304659654,0.16976911976911976,0.0454495519371696
vector,temporal_dropout,lin_sequence_front_bands_r1_l2,11,0.5496096958596959,0.05635146935266706,0.18701298701298705,0.054044305205228876
vector,temporal_dropout,lin_sequence_front_bands_r1_l4,11,0.4982247613497614,0.055818530440628206,0.16428571428571428,0.04762493951043883
vector,temporal_dropout,lin_sequence_front_bands_r1_l8,11,0.6379274891774892,0.060660974417850795,0.26663059163059155,0.07536348572791672
vector,temporal_dropout,lin_sequence_front_bands_r3_l2,11,0.5129836136086137,0.05154727317290421,0.1702020202020202,0.05236962180531604
vector,temporal_dropout,lin_sequence_front_bands_r3_l4,11,0.5375353812853814,0.05472895157932822,0.17265512265512264,0.04768686412386273
vector,temporal_dropout,lin_sequence_front_bands_r3_l8,11,0.6206783494283495,0.058849125626320165,0.2361471861471861,0.06653818561851337
vector,temporal_dropout,lin_sequence_front_bands_r5_l2,11,0.513953477078477,0.05250519378365126,0.16926406926406926,0.04472777281227873
vector,temporal_dropout,lin_sequence_front_bands_r5_l4,11,0.5732628482628482,0.05844117919386048,0.18495670995670996,0.046740281881334333
vector,temporal_dropout,lin_sequence_front_bands_r5_l8,11,0.6444481906981907,0.06594991527579139,0.2424242424242424,0.060558904213188096
vector,temporal_dropout,memoryless_linear,11,0.5607767232767232,0.05509708234527408,0.13430735930735932,0.04762251561555042
vector,temporal_dropout,memoryless_mlp,11,0.5607767232767232,0.05509708234527408,0.13430735930735932,0.04762251561555042
vector,temporal_dropout,numpy_rnn,11,0.5852761821511822,0.055082214692207865,0.07348484848484849,0.030666382200141885
vector,temporal_dropout,reservoir_block_hybrid,11,0.5490703740703741,0.055865130014177124,0.1991341991341991,0.05566032735975405
vector,temporal_dropout,reservoir_diagonal,11,0.6225622294372294,0.0628169611515341,0.20678210678210682,0.0563384705782546
vector,temporal_dropout,reservoir_low_rank,11,0.5146312021312022,0.06812146006895917,0.18012265512265516,0.060892688276318455
vector,temporal_dropout,reservoir_nilpotent,11,0.6080076173826174,0.061131204543542754,0.2084054834054834,0.055071349449127366
vector,temporal_dropout,reservoir_orthogonal,11,0.5750999694749696,0.06108083914954981,0.19422799422799422,0.05048631893412066
vector,temporal_dropout,reservoir_oscillatory,11,0.5379955461205461,0.0499211132116252,0.1992784992784993,0.05580786393769466
vector,temporal_dropout,reservoir_random,11,0.570204587079587,0.05154043221464515,0.2016233766233766,0.0482430393226161
vector,temporal_dropout,reservoir_sparse,11,0.5559964341214342,0.049899361509205105,0.20544733044733043,0.05677566837538939
vector,temporal_dropout,reservoir_symmetric,11,0.571619352869353,0.056543058241662086,0.21233766233766235,0.05425591399510715
vector,temporal_full,lin_sequence_all_units_r3_l4,11,0.6732332251082251,0.06472438301742413,0.2576479076479077,0.0660618369186532
vector,temporal_full,lin_sequence_front_bands_r1_l2,11,0.6627231795981796,0.05454730116072089,0.24112554112554108,0.06044511328610579
vector,temporal_full,lin_sequence_front_bands_r1_l4,11,0.6537343212343214,0.05752037866790953,0.25082972582972585,0.06018755602397644
vector,temporal_full,lin_sequence_front_bands_r1_l8,11,0.8004009879009879,0.06766867564690034,0.39231601731601734,0.11001916901944123
vector,temporal_full,lin_sequence_front_bands_r3_l2,11,0.6470652958152958,0.05853123114727833,0.26670274170274166,0.06650414065460625
vector,temporal_full,lin_sequence_front_bands_r3_l4,11,0.7066789460539461,0.0675617865250107,0.27070707070707073,0.06493042511882716
vector,temporal_full,lin_sequence_front_bands_r3_l8,11,0.771969696969697,0.06787168024308814,0.35375180375180376,0.09747774478084768
vector,temporal_full,lin_sequence_front_bands_r5_l2,11,0.669215922965923,0.05937714513561733,0.2864718614718615,0.06636981370054319
vector,temporal_full,lin_sequence_front_bands_r5_l4,11,0.7597904179154178,0.06472900452014561,0.35753968253968255,0.09454311420908888
vector,temporal_full,lin_sequence_front_bands_r5_l8,11,0.7836605061605062,0.06432475454141544,0.368037518037518,0.10289634421393562
vector,temporal_full,memoryless_linear,11,0.5968752081252082,0.051146224467772,0.16829004329004327,0.04410528363248578
vector,temporal_full,memoryless_mlp,11,0.5968752081252082,0.051146224467772,0.16829004329004327,0.04410528363248578
vector,temporal_full,numpy_rnn,11,0.6102004245754246,0.05397849980743449,0.06471861471861472,0.02747502788851287
vector,temporal_full,reservoir_block_hybrid,11,0.7344853757353756,0.06092793950390978,0.3334054834054834,0.08063603231680869
vector,temporal_full,reservoir_diagonal,11,0.7055445942945942,0.055931742550011994,0.27961760461760465,0.06433153268780158
vector,temporal_full,reservoir_low_rank,11,0.6716088078588078,0.05706421041434298,0.26930014430014426,0.06241621592151753
vector,temporal_full,reservoir_nilpotent,11,0.7603703241203241,0.06598062606687388,0.3531746031746032,0.09329094167408694
vector,temporal_full,reservoir_orthogonal,11,0.7171581890331891,0.06912630385142715,0.31922799422799425,0.08090786491476147
vector,temporal_full,reservoir_oscillatory,11,0.6817821067821068,0.05576130718364898,0.28809523809523807,0.06435310810112363
vector,temporal_full,reservoir_random,11,0.712486124986125,0.061515887298580575,0.31186868686868685,0.07387017583069248
vector,temporal_full,reservoir_sparse,11,0.7046551365301365,0.0671443885077021,0.26266233766233765,0.06172070109926818
vector,temporal_full,reservoir_symmetric,11,0.702992007992008,0.0585297610981287,0.30014430014430016,0.06814219666161188
