task,geometry,behavior_family,obs_mode,temporal_mode,model,sequence_r,sequence_l,sequence_ell,input_injection,n_runs,action_accuracy_mean,action_accuracy_sem,greedy_success_mean,greedy_success_sem,context_accuracy_mean,context_accuracy_sem
long_aliased_t_maze,long_cue_dependent_navigation,long_delayed_landmark_choice,egocentric_landmark,temporal_cue_then_blank,history_linear_h16,,,,,3,0.5058823529411764,0.0,nan,0.0,0.4666666666666666,0.010375495337508193
long_aliased_t_maze,long_cue_dependent_navigation,long_delayed_landmark_choice,egocentric_landmark,temporal_cue_then_blank,history_linear_h4,,,,,3,0.5058823529411764,0.0,nan,0.0,0.48235294117647065,0.006792356108113253
long_aliased_t_maze,long_cue_dependent_navigation,long_delayed_landmark_choice,egocentric_landmark,temporal_cue_then_blank,history_linear_h64,,,,,3,0.6901960784313724,0.0039215686274509665,nan,0.0,0.3490196078431372,0.01568627450980392
long_aliased_t_maze,long_cue_dependent_navigation,long_delayed_landmark_choice,egocentric_landmark,temporal_cue_then_blank,history_linear_h80,,,,,3,1.0,0.0,nan,0.0,0.5803921568627451,0.019607843137254905
long_aliased_t_maze,long_cue_dependent_navigation,long_delayed_landmark_choice,egocentric_landmark,temporal_cue_then_blank,lin_block_r1_l16,1,16,16,independent_blocks,3,0.5058823529411764,0.0,nan,0.0,0.46274509803921565,0.007843137254901952
long_aliased_t_maze,long_cue_dependent_navigation,long_delayed_landmark_choice,egocentric_landmark,temporal_cue_then_blank,lin_block_r1_l4,1,4,4,independent_blocks,3,0.5058823529411764,0.0,nan,0.0,0.48235294117647065,0.006792356108113253
long_aliased_t_maze,long_cue_dependent_navigation,long_delayed_landmark_choice,egocentric_landmark,temporal_cue_then_blank,lin_block_r1_l64,1,64,64,independent_blocks,3,0.6980392156862744,0.003921568627451004,nan,0.0,0.3450980392156862,0.01960784313725489
long_aliased_t_maze,long_cue_dependent_navigation,long_delayed_landmark_choice,egocentric_landmark,temporal_cue_then_blank,lin_block_r3_l16,3,16,18,independent_blocks,3,0.5058823529411764,0.0,nan,0.0,0.5568627450980392,0.0039215686274509665
long_aliased_t_maze,long_cue_dependent_navigation,long_delayed_landmark_choice,egocentric_landmark,temporal_cue_then_blank,lin_block_r3_l4,3,4,6,independent_blocks,3,0.5058823529411764,0.0,nan,0.0,0.4980392156862745,0.007843137254901952
long_aliased_t_maze,long_cue_dependent_navigation,long_delayed_landmark_choice,egocentric_landmark,temporal_cue_then_blank,lin_block_r3_l64,3,64,66,independent_blocks,3,0.7215686274509804,0.0039215686274509665,nan,0.0,0.6980392156862746,0.027450980392156862
long_aliased_t_maze,long_cue_dependent_navigation,long_delayed_landmark_choice,egocentric_landmark,temporal_cue_then_blank,lin_block_r5_l16,5,16,20,independent_blocks,3,0.5058823529411764,0.0,nan,0.0,0.5529411764705882,0.006792356108113253
long_aliased_t_maze,long_cue_dependent_navigation,long_delayed_landmark_choice,egocentric_landmark,temporal_cue_then_blank,lin_block_r5_l4,5,4,8,independent_blocks,3,0.5058823529411764,0.0,nan,0.0,0.5137254901960784,0.003921568627451004
long_aliased_t_maze,long_cue_dependent_navigation,long_delayed_landmark_choice,egocentric_landmark,temporal_cue_then_blank,lin_block_r5_l64,5,64,68,independent_blocks,3,0.7333333333333334,0.003921568627451004,nan,0.0,0.7294117647058824,0.006792356108113253
long_aliased_t_maze,long_cue_dependent_navigation,long_delayed_landmark_choice,egocentric_landmark,temporal_cue_then_blank,lin_sequence_all_units_r3_l4,3,4,6,all_units,9,0.5032679738562091,0.0017292492229180267,nan,0.0,0.48235294117647054,0.0033961780540566265
long_aliased_t_maze,long_cue_dependent_navigation,long_delayed_landmark_choice,egocentric_landmark,temporal_cue_then_blank,lin_sequence_front_bands_r1_l2,1,2,2,front_bands,9,0.5058823529411764,0.0,nan,0.0,0.48235294117647065,0.0033961780540566256
long_aliased_t_maze,long_cue_dependent_navigation,long_delayed_landmark_choice,egocentric_landmark,temporal_cue_then_blank,lin_sequence_front_bands_r1_l4,1,4,4,front_bands,9,0.5058823529411764,0.0,nan,0.0,0.48235294117647065,0.0033961780540566256
long_aliased_t_maze,long_cue_dependent_navigation,long_delayed_landmark_choice,egocentric_landmark,temporal_cue_then_blank,lin_sequence_front_bands_r1_l8,1,8,8,front_bands,9,0.5006535947712418,0.0028489535578697157,nan,0.0,0.4836601307189542,0.0036390616750523012
long_aliased_t_maze,long_cue_dependent_navigation,long_delayed_landmark_choice,egocentric_landmark,temporal_cue_then_blank,lin_sequence_front_bands_r3_l2,3,2,4,front_bands,9,0.5058823529411764,0.0,nan,0.0,0.4836601307189543,0.0036390616750523064
long_aliased_t_maze,long_cue_dependent_navigation,long_delayed_landmark_choice,egocentric_landmark,temporal_cue_then_blank,lin_sequence_front_bands_r3_l4,3,4,6,front_bands,9,0.5032679738562091,0.0026143790849673175,nan,0.0,0.4810457516339869,0.003065631215570873
long_aliased_t_maze,long_cue_dependent_navigation,long_delayed_landmark_choice,egocentric_landmark,temporal_cue_then_blank,lin_sequence_front_bands_r3_l8,3,8,10,front_bands,9,0.49673202614379086,0.004285907532223527,nan,0.0,0.48235294117647054,0.0033961780540566265
long_aliased_t_maze,long_cue_dependent_navigation,long_delayed_landmark_choice,egocentric_landmark,temporal_cue_then_blank,lin_sequence_front_bands_r5_l2,5,2,6,front_bands,9,0.49411764705882355,0.001960784313725488,nan,0.0,0.481045751633987,0.004133696287801808
long_aliased_t_maze,long_cue_dependent_navigation,long_delayed_landmark_choice,egocentric_landmark,temporal_cue_then_blank,lin_sequence_front_bands_r5_l4,5,4,8,front_bands,9,0.4980392156862745,0.003396178054056617,nan,0.0,0.4928104575163399,0.0041336962878018
long_aliased_t_maze,long_cue_dependent_navigation,long_delayed_landmark_choice,egocentric_landmark,temporal_cue_then_blank,lin_sequence_front_bands_r5_l8,5,8,12,front_bands,9,0.4875816993464053,0.007099856530196215,nan,0.0,0.4784313725490196,0.00438444701470547
long_aliased_t_maze,long_cue_dependent_navigation,long_delayed_landmark_choice,egocentric_landmark,temporal_cue_then_blank,memoryless_linear,,,,,3,0.5058823529411764,0.0,nan,0.0,0.4862745098039216,0.0039215686274509855
long_aliased_t_maze,long_cue_dependent_navigation,long_delayed_landmark_choice,egocentric_landmark,temporal_cue_then_blank,memoryless_mlp,,,,,3,0.5058823529411764,0.0,nan,0.0,0.4862745098039216,0.0039215686274509855
long_aliased_t_maze,long_cue_dependent_navigation,long_delayed_landmark_choice,egocentric_landmark,temporal_cue_then_blank,numpy_rnn,,,,,3,0.5058823529411764,0.0,nan,0.0,0.48235294117647065,0.006792356108113253
long_aliased_t_maze,long_cue_dependent_navigation,long_delayed_landmark_choice,egocentric_landmark,temporal_cue_then_blank,reservoir_block_hybrid,,,,all_units,9,0.47581699346405226,0.007099856530196218,nan,0.0,0.48758169934640516,0.003975661784508641
long_aliased_t_maze,long_cue_dependent_navigation,long_delayed_landmark_choice,egocentric_landmark,temporal_cue_then_blank,reservoir_diagonal,,,,all_units,9,0.5045751633986928,0.0013071895424836555,nan,0.0,0.6000000000000001,0.015929487067913646
long_aliased_t_maze,long_cue_dependent_navigation,long_delayed_landmark_choice,egocentric_landmark,temporal_cue_then_blank,reservoir_low_rank,,,,all_units,9,0.49150326797385613,0.006437161961958238,nan,0.0,0.4901960784313726,0.00733658311132146
long_aliased_t_maze,long_cue_dependent_navigation,long_delayed_landmark_choice,egocentric_landmark,temporal_cue_then_blank,reservoir_nilpotent,,,,all_units,9,0.4666666666666667,0.009196893646712606,nan,0.0,0.44705882352941173,0.008985442539129099
long_aliased_t_maze,long_cue_dependent_navigation,long_delayed_landmark_choice,egocentric_landmark,temporal_cue_then_blank,reservoir_orthogonal,,,,all_units,9,0.44313725490196076,0.009196893646712606,nan,0.0,0.4666666666666667,0.004802921064280744
long_aliased_t_maze,long_cue_dependent_navigation,long_delayed_landmark_choice,egocentric_landmark,temporal_cue_then_blank,reservoir_oscillatory,,,,all_units,9,0.45228758169934646,0.009009182190908642,nan,0.0,0.46143790849673205,0.008937774072664934
long_aliased_t_maze,long_cue_dependent_navigation,long_delayed_landmark_choice,egocentric_landmark,temporal_cue_then_blank,reservoir_random,,,,all_units,9,0.48496732026143785,0.0072781233501046025,nan,0.0,0.4875816993464053,0.013022783558935476
long_aliased_t_maze,long_cue_dependent_navigation,long_delayed_landmark_choice,egocentric_landmark,temporal_cue_then_blank,reservoir_sparse,,,,all_units,9,0.4836601307189543,0.0056979071157394435,nan,0.0,0.5045751633986928,0.012469793482574454
long_aliased_t_maze,long_cue_dependent_navigation,long_delayed_landmark_choice,egocentric_landmark,temporal_cue_then_blank,reservoir_symmetric,,,,all_units,9,0.4954248366013072,0.0036390616750522973,nan,0.0,0.5215686274509803,0.010375495337508197
long_aliased_t_maze,long_cue_dependent_navigation,long_delayed_landmark_choice,egocentric_landmark,temporal_full,history_linear_h16,,,,,3,0.7529411764705882,0.0,nan,0.0,0.46274509803921565,0.007843137254901952
long_aliased_t_maze,long_cue_dependent_navigation,long_delayed_landmark_choice,egocentric_landmark,temporal_full,history_linear_h4,,,,,3,0.7529411764705882,0.0,nan,0.0,0.48235294117647065,0.006792356108113253
long_aliased_t_maze,long_cue_dependent_navigation,long_delayed_landmark_choice,egocentric_landmark,temporal_full,history_linear_h64,,,,,3,0.5058823529411764,0.0,nan,0.0,0.3490196078431373,0.021834370050313804
long_aliased_t_maze,long_cue_dependent_navigation,long_delayed_landmark_choice,egocentric_landmark,temporal_full,history_linear_h80,,,,,3,1.0,0.0,nan,0.0,0.5803921568627451,0.019607843137254905
long_aliased_t_maze,long_cue_dependent_navigation,long_delayed_landmark_choice,egocentric_landmark,temporal_full,lin_block_r1_l16,1,16,16,independent_blocks,3,0.7529411764705882,0.0,nan,0.0,0.46274509803921565,0.007843137254901952
long_aliased_t_maze,long_cue_dependent_navigation,long_delayed_landmark_choice,egocentric_landmark,temporal_full,lin_block_r1_l4,1,4,4,independent_blocks,3,0.7529411764705882,0.0,nan,0.0,0.48235294117647065,0.006792356108113253
long_aliased_t_maze,long_cue_dependent_navigation,long_delayed_landmark_choice,egocentric_landmark,temporal_full,lin_block_r1_l64,1,64,64,independent_blocks,3,0.7529411764705882,0.0,nan,0.0,0.3450980392156862,0.01960784313725489
long_aliased_t_maze,long_cue_dependent_navigation,long_delayed_landmark_choice,egocentric_landmark,temporal_full,lin_block_r3_l16,3,16,18,independent_blocks,3,0.7529411764705882,0.0,nan,0.0,0.5607843137254902,0.007843137254901933
long_aliased_t_maze,long_cue_dependent_navigation,long_delayed_landmark_choice,egocentric_landmark,temporal_full,lin_block_r3_l4,3,4,6,independent_blocks,3,0.7529411764705882,0.0,nan,0.0,0.5019607843137255,0.010375495337508207
long_aliased_t_maze,long_cue_dependent_navigation,long_delayed_landmark_choice,egocentric_landmark,temporal_full,lin_block_r3_l64,3,64,66,independent_blocks,3,0.7529411764705882,0.0,nan,0.0,0.6823529411764705,0.029607193863806867
long_aliased_t_maze,long_cue_dependent_navigation,long_delayed_landmark_choice,egocentric_landmark,temporal_full,lin_block_r5_l16,5,16,20,independent_blocks,3,0.7529411764705882,0.0,nan,0.0,0.5764705882352942,0.013584712216226473
long_aliased_t_maze,long_cue_dependent_navigation,long_delayed_landmark_choice,egocentric_landmark,temporal_full,lin_block_r5_l4,5,4,8,independent_blocks,3,0.7529411764705882,0.0,nan,0.0,0.5176470588235293,0.006792356108113253
long_aliased_t_maze,long_cue_dependent_navigation,long_delayed_landmark_choice,egocentric_landmark,temporal_full,lin_block_r5_l64,5,64,68,independent_blocks,3,0.7529411764705882,0.0,nan,0.0,0.7294117647058824,0.006792356108113253
long_aliased_t_maze,long_cue_dependent_navigation,long_delayed_landmark_choice,egocentric_landmark,temporal_full,lin_sequence_all_units_r3_l4,3,4,6,all_units,9,0.7529411764705882,0.0,nan,0.0,0.48496732026143796,0.0032679738562091543
long_aliased_t_maze,long_cue_dependent_navigation,long_delayed_landmark_choice,egocentric_landmark,temporal_full,lin_sequence_front_bands_r1_l2,1,2,2,front_bands,9,0.7529411764705882,0.0,nan,0.0,0.48235294117647065,0.0033961780540566256
long_aliased_t_maze,long_cue_dependent_navigation,long_delayed_landmark_choice,egocentric_landmark,temporal_full,lin_sequence_front_bands_r1_l4,1,4,4,front_bands,9,0.7516339869281046,0.0013071895424836555,nan,0.0,0.48235294117647065,0.0033961780540566256
long_aliased_t_maze,long_cue_dependent_navigation,long_delayed_landmark_choice,egocentric_landmark,temporal_full,lin_sequence_front_bands_r1_l8,1,8,8,front_bands,9,0.7529411764705882,0.0,nan,0.0,0.4784313725490196,0.0033961780540566265
long_aliased_t_maze,long_cue_dependent_navigation,long_delayed_landmark_choice,egocentric_landmark,temporal_full,lin_sequence_front_bands_r3_l2,3,2,4,front_bands,9,0.7529411764705882,0.0,nan,0.0,0.48496732026143796,0.002614379084967323
long_aliased_t_maze,long_cue_dependent_navigation,long_delayed_landmark_choice,egocentric_landmark,temporal_full,lin_sequence_front_bands_r3_l4,3,4,6,front_bands,9,0.7529411764705882,0.0,nan,0.0,0.4862745098039215,0.00480292106428074
long_aliased_t_maze,long_cue_dependent_navigation,long_delayed_landmark_choice,egocentric_landmark,temporal_full,lin_sequence_front_bands_r3_l8,3,8,10,front_bands,9,0.7529411764705882,0.0,nan,0.0,0.4771241830065359,0.003975661784508645
long_aliased_t_maze,long_cue_dependent_navigation,long_delayed_landmark_choice,egocentric_landmark,temporal_full,lin_sequence_front_bands_r5_l2,5,2,6,front_bands,9,0.7529411764705882,0.0,nan,0.0,0.4862745098039216,0.0033961780540566265
long_aliased_t_maze,long_cue_dependent_navigation,long_delayed_landmark_choice,egocentric_landmark,temporal_full,lin_sequence_front_bands_r5_l4,5,4,8,front_bands,9,0.7529411764705882,0.0,nan,0.0,0.4901960784313726,0.003396178054056623
long_aliased_t_maze,long_cue_dependent_navigation,long_delayed_landmark_choice,egocentric_landmark,temporal_full,lin_sequence_front_bands_r5_l8,5,8,12,front_bands,9,0.7516339869281046,0.0013071895424836555,nan,0.0,0.48235294117647054,0.0033961780540566265
long_aliased_t_maze,long_cue_dependent_navigation,long_delayed_landmark_choice,egocentric_landmark,temporal_full,memoryless_linear,,,,,3,0.7529411764705882,0.0,nan,0.0,0.4862745098039216,0.0039215686274509855
long_aliased_t_maze,long_cue_dependent_navigation,long_delayed_landmark_choice,egocentric_landmark,temporal_full,memoryless_mlp,,,,,3,0.7529411764705882,0.0,nan,0.0,0.4862745098039216,0.0039215686274509855
long_aliased_t_maze,long_cue_dependent_navigation,long_delayed_landmark_choice,egocentric_landmark,temporal_full,numpy_rnn,,,,,3,0.7529411764705882,0.0,nan,0.0,0.4862745098039216,0.007843137254901971
long_aliased_t_maze,long_cue_dependent_navigation,long_delayed_landmark_choice,egocentric_landmark,temporal_full,reservoir_block_hybrid,,,,all_units,9,0.807843137254902,0.036314233681278694,nan,0.0,0.4836601307189542,0.008189519010550116
long_aliased_t_maze,long_cue_dependent_navigation,long_delayed_landmark_choice,egocentric_landmark,temporal_full,reservoir_diagonal,,,,all_units,9,0.807843137254902,0.036314233681278694,nan,0.0,0.530718954248366,0.009694377107314587
long_aliased_t_maze,long_cue_dependent_navigation,long_delayed_landmark_choice,egocentric_landmark,temporal_full,reservoir_low_rank,,,,all_units,9,0.7790849673202614,0.026143790849673207,nan,0.0,0.5163398692810458,0.035697285763193136
long_aliased_t_maze,long_cue_dependent_navigation,long_delayed_landmark_choice,egocentric_landmark,temporal_full,reservoir_nilpotent,,,,all_units,9,0.7529411764705882,0.0,nan,0.0,0.47058823529411764,0.005545935538718021
long_aliased_t_maze,long_cue_dependent_navigation,long_delayed_landmark_choice,egocentric_landmark,temporal_full,reservoir_orthogonal,,,,all_units,9,0.7254901960784313,0.027450980392156866,nan,0.0,0.4457516339869281,0.007951323569017281
long_aliased_t_maze,long_cue_dependent_navigation,long_delayed_landmark_choice,egocentric_landmark,temporal_full,reservoir_oscillatory,,,,all_units,9,0.7803921568627451,0.06437825552698825,nan,0.0,0.4718954248366013,0.004977629480956809
long_aliased_t_maze,long_cue_dependent_navigation,long_delayed_landmark_choice,egocentric_landmark,temporal_full,reservoir_random,,,,all_units,9,0.807843137254902,0.036314233681278694,nan,0.0,0.4784313725490196,0.007594084992563561
long_aliased_t_maze,long_cue_dependent_navigation,long_delayed_landmark_choice,egocentric_landmark,temporal_full,reservoir_sparse,,,,all_units,9,0.7529411764705882,0.041176470588235294,nan,0.0,0.47973856209150323,0.01033424071950451
long_aliased_t_maze,long_cue_dependent_navigation,long_delayed_landmark_choice,egocentric_landmark,temporal_full,reservoir_symmetric,,,,all_units,9,0.7529411764705882,0.0,nan,0.0,0.5215686274509803,0.007843137254901955
long_aliased_t_maze,long_cue_dependent_navigation,long_delayed_landmark_choice,sparse_aliased,temporal_cue_then_blank,history_linear_h16,,,,,3,0.5058823529411764,0.0,nan,0.0,0.46274509803921565,0.007843137254901952
long_aliased_t_maze,long_cue_dependent_navigation,long_delayed_landmark_choice,sparse_aliased,temporal_cue_then_blank,history_linear_h4,,,,,3,0.5058823529411764,0.0,nan,0.0,0.48235294117647065,0.006792356108113253
long_aliased_t_maze,long_cue_dependent_navigation,long_delayed_landmark_choice,sparse_aliased,temporal_cue_then_blank,history_linear_h64,,,,,3,0.6901960784313724,0.0039215686274509665,nan,0.0,0.3568627450980392,0.019607843137254905
long_aliased_t_maze,long_cue_dependent_navigation,long_delayed_landmark_choice,sparse_aliased,temporal_cue_then_blank,history_linear_h80,,,,,3,1.0,0.0,nan,0.0,0.5803921568627451,0.019607843137254905
long_aliased_t_maze,long_cue_dependent_navigation,long_delayed_landmark_choice,sparse_aliased,temporal_cue_then_blank,lin_block_r1_l16,1,16,16,independent_blocks,3,0.5058823529411764,0.0,nan,0.0,0.46274509803921565,0.007843137254901952
long_aliased_t_maze,long_cue_dependent_navigation,long_delayed_landmark_choice,sparse_aliased,temporal_cue_then_blank,lin_block_r1_l4,1,4,4,independent_blocks,3,0.5058823529411764,0.0,nan,0.0,0.48235294117647065,0.006792356108113253
long_aliased_t_maze,long_cue_dependent_navigation,long_delayed_landmark_choice,sparse_aliased,temporal_cue_then_blank,lin_block_r1_l64,1,64,64,independent_blocks,3,0.6941176470588234,7.850462293418875e-17,nan,0.0,0.3490196078431373,0.021834370050313804
long_aliased_t_maze,long_cue_dependent_navigation,long_delayed_landmark_choice,sparse_aliased,temporal_cue_then_blank,lin_block_r3_l16,3,16,18,independent_blocks,3,0.5058823529411764,0.0,nan,0.0,0.5647058823529412,0.011764705882352936
long_aliased_t_maze,long_cue_dependent_navigation,long_delayed_landmark_choice,sparse_aliased,temporal_cue_then_blank,lin_block_r3_l4,3,4,6,independent_blocks,3,0.5058823529411764,0.0,nan,0.0,0.5058823529411764,0.006792356108113253
long_aliased_t_maze,long_cue_dependent_navigation,long_delayed_landmark_choice,sparse_aliased,temporal_cue_then_blank,lin_block_r3_l64,3,64,66,independent_blocks,3,0.7137254901960784,0.0039215686274509665,nan,0.0,0.7019607843137253,0.020750990675016425
long_aliased_t_maze,long_cue_dependent_navigation,long_delayed_landmark_choice,sparse_aliased,temporal_cue_then_blank,lin_block_r5_l16,5,16,20,independent_blocks,3,0.5058823529411764,0.0,nan,0.0,0.5725490196078431,0.0039215686274509665
long_aliased_t_maze,long_cue_dependent_navigation,long_delayed_landmark_choice,sparse_aliased,temporal_cue_then_blank,lin_block_r5_l4,5,4,8,independent_blocks,3,0.5058823529411764,0.0,nan,0.0,0.5176470588235293,0.006792356108113253
long_aliased_t_maze,long_cue_dependent_navigation,long_delayed_landmark_choice,sparse_aliased,temporal_cue_then_blank,lin_block_r5_l64,5,64,68,independent_blocks,3,0.7294117647058824,0.006792356108113253,nan,0.0,0.7411764705882353,0.006792356108113253
long_aliased_t_maze,long_cue_dependent_navigation,long_delayed_landmark_choice,sparse_aliased,temporal_cue_then_blank,lin_sequence_all_units_r3_l4,3,4,6,all_units,9,0.4980392156862745,0.003921568627450977,nan,0.0,0.49673202614379086,0.005104738350265786
long_aliased_t_maze,long_cue_dependent_navigation,long_delayed_landmark_choice,sparse_aliased,temporal_cue_then_blank,lin_sequence_front_bands_r1_l2,1,2,2,front_bands,9,0.5045751633986928,0.0013071895424836555,nan,0.0,0.4875816993464053,0.0044328954138073634
long_aliased_t_maze,long_cue_dependent_navigation,long_delayed_landmark_choice,sparse_aliased,temporal_cue_then_blank,lin_sequence_front_bands_r1_l4,1,4,4,front_bands,9,0.5058823529411764,0.0,nan,0.0,0.48235294117647065,0.0033961780540566256
long_aliased_t_maze,long_cue_dependent_navigation,long_delayed_landmark_choice,sparse_aliased,temporal_cue_then_blank,lin_sequence_front_bands_r1_l8,1,8,8,front_bands,9,0.4993464052287582,0.003975661784508637,nan,0.0,0.48496732026143796,0.0032679738562091543
long_aliased_t_maze,long_cue_dependent_navigation,long_delayed_landmark_choice,sparse_aliased,temporal_cue_then_blank,lin_sequence_front_bands_r3_l2,3,2,4,front_bands,9,0.5019607843137255,0.002772967769359005,nan,0.0,0.4875816993464053,0.0028489535578697244
long_aliased_t_maze,long_cue_dependent_navigation,long_delayed_landmark_choice,sparse_aliased,temporal_cue_then_blank,lin_sequence_front_bands_r3_l4,3,4,6,front_bands,9,0.5045751633986928,0.0013071895424836555,nan,0.0,0.49673202614379086,0.006131262431141742
long_aliased_t_maze,long_cue_dependent_navigation,long_delayed_landmark_choice,sparse_aliased,temporal_cue_then_blank,lin_sequence_front_bands_r3_l8,3,8,10,front_bands,9,0.4862745098039216,0.005187747668754099,nan,0.0,0.4901960784313726,0.007843137254901966
long_aliased_t_maze,long_cue_dependent_navigation,long_delayed_landmark_choice,sparse_aliased,temporal_cue_then_blank,lin_sequence_front_bands_r5_l2,5,2,6,front_bands,9,0.4954248366013072,0.0036390616750522973,nan,0.0,0.48888888888888893,0.0044328954138073634
long_aliased_t_maze,long_cue_dependent_navigation,long_delayed_landmark_choice,sparse_aliased,temporal_cue_then_blank,lin_sequence_front_bands_r5_l4,5,4,8,front_bands,9,0.4993464052287582,0.003975661784508637,nan,0.0,0.5006535947712418,0.0034584984458360655
long_aliased_t_maze,long_cue_dependent_navigation,long_delayed_landmark_choice,sparse_aliased,temporal_cue_then_blank,lin_sequence_front_bands_r5_l8,5,8,12,front_bands,9,0.48235294117647065,0.0067923561081132434,nan,0.0,0.4901960784313726,0.006200544431702708
long_aliased_t_maze,long_cue_dependent_navigation,long_delayed_landmark_choice,sparse_aliased,temporal_cue_then_blank,memoryless_linear,,,,,3,0.5058823529411764,0.0,nan,0.0,0.4901960784313726,0.0039215686274509855
long_aliased_t_maze,long_cue_dependent_navigation,long_delayed_landmark_choice,sparse_aliased,temporal_cue_then_blank,memoryless_mlp,,,,,3,0.5058823529411764,0.0,nan,0.0,0.4901960784313726,0.0039215686274509855
long_aliased_t_maze,long_cue_dependent_navigation,long_delayed_landmark_choice,sparse_aliased,temporal_cue_then_blank,numpy_rnn,,,,,3,0.5058823529411764,0.0,nan,0.0,0.4862745098039216,0.0039215686274509855
long_aliased_t_maze,long_cue_dependent_navigation,long_delayed_landmark_choice,sparse_aliased,temporal_cue_then_blank,reservoir_block_hybrid,,,,all_units,9,0.47058823529411764,0.004384447014705475,nan,0.0,0.4771241830065359,0.00900918219090865
long_aliased_t_maze,long_cue_dependent_navigation,long_delayed_landmark_choice,sparse_aliased,temporal_cue_then_blank,reservoir_diagonal,,,,all_units,9,0.5032679738562091,0.0026143790849673175,nan,0.0,0.5986928104575164,0.014731277999457053
long_aliased_t_maze,long_cue_dependent_navigation,long_delayed_landmark_choice,sparse_aliased,temporal_cue_then_blank,reservoir_low_rank,,,,all_units,9,0.5045751633986928,0.007189542483660133,nan,0.0,0.4928104575163399,0.012469793482574447
long_aliased_t_maze,long_cue_dependent_navigation,long_delayed_landmark_choice,sparse_aliased,temporal_cue_then_blank,reservoir_nilpotent,,,,all_units,9,0.48496732026143796,0.005809277396938292,nan,0.0,0.46143790849673194,0.009760251322266718
long_aliased_t_maze,long_cue_dependent_navigation,long_delayed_landmark_choice,sparse_aliased,temporal_cue_then_blank,reservoir_orthogonal,,,,all_units,9,0.45228758169934635,0.00982568390743327,nan,0.0,0.45882352941176474,0.016287497770427598
long_aliased_t_maze,long_cue_dependent_navigation,long_delayed_landmark_choice,sparse_aliased,temporal_cue_then_blank,reservoir_oscillatory,,,,all_units,9,0.4575163398692811,0.00886579082761473,nan,0.0,0.45359477124183,0.011944880315357563
long_aliased_t_maze,long_cue_dependent_navigation,long_delayed_landmark_choice,sparse_aliased,temporal_cue_then_blank,reservoir_random,,,,all_units,9,0.47581699346405226,0.009825683907433273,nan,0.0,0.4862745098039215,0.008768894029410943
long_aliased_t_maze,long_cue_dependent_navigation,long_delayed_landmark_choice,sparse_aliased,temporal_cue_then_blank,reservoir_sparse,,,,all_units,9,0.49673202614379086,0.0032679738562091452,nan,0.0,0.4745098039215686,0.0055459355387180225
long_aliased_t_maze,long_cue_dependent_navigation,long_delayed_landmark_choice,sparse_aliased,temporal_cue_then_blank,reservoir_symmetric,,,,all_units,9,0.48758169934640516,0.0070998565301962175,nan,0.0,0.5437908496732027,0.017622834983938258
long_aliased_t_maze,long_cue_dependent_navigation,long_delayed_landmark_choice,sparse_aliased,temporal_full,history_linear_h16,,,,,3,0.5058823529411764,0.0,nan,0.0,0.46274509803921565,0.007843137254901952
long_aliased_t_maze,long_cue_dependent_navigation,long_delayed_landmark_choice,sparse_aliased,temporal_full,history_linear_h4,,,,,3,0.5058823529411764,0.0,nan,0.0,0.48235294117647065,0.006792356108113253
long_aliased_t_maze,long_cue_dependent_navigation,long_delayed_landmark_choice,sparse_aliased,temporal_full,history_linear_h64,,,,,3,0.7098039215686275,0.007843137254901971,nan,0.0,0.35294117647058826,0.0179708850782582
long_aliased_t_maze,long_cue_dependent_navigation,long_delayed_landmark_choice,sparse_aliased,temporal_full,history_linear_h80,,,,,3,1.0,0.0,nan,0.0,0.5803921568627451,0.019607843137254905
long_aliased_t_maze,long_cue_dependent_navigation,long_delayed_landmark_choice,sparse_aliased,temporal_full,lin_block_r1_l16,1,16,16,independent_blocks,3,0.5058823529411764,0.0,nan,0.0,0.46274509803921565,0.007843137254901952
long_aliased_t_maze,long_cue_dependent_navigation,long_delayed_landmark_choice,sparse_aliased,temporal_full,lin_block_r1_l4,1,4,4,independent_blocks,3,0.5058823529411764,0.0,nan,0.0,0.48235294117647065,0.006792356108113253
long_aliased_t_maze,long_cue_dependent_navigation,long_delayed_landmark_choice,sparse_aliased,temporal_full,lin_block_r1_l64,1,64,64,independent_blocks,3,0.7137254901960784,0.0039215686274509665,nan,0.0,0.3490196078431372,0.01568627450980392
long_aliased_t_maze,long_cue_dependent_navigation,long_delayed_landmark_choice,sparse_aliased,temporal_full,lin_block_r3_l16,3,16,18,independent_blocks,3,0.5058823529411764,0.0,nan,0.0,0.5647058823529412,0.006792356108113221
long_aliased_t_maze,long_cue_dependent_navigation,long_delayed_landmark_choice,sparse_aliased,temporal_full,lin_block_r3_l4,3,4,6,independent_blocks,3,0.5058823529411764,0.0,nan,0.0,0.5019607843137255,0.010375495337508207
long_aliased_t_maze,long_cue_dependent_navigation,long_delayed_landmark_choice,sparse_aliased,temporal_full,lin_block_r3_l64,3,64,66,independent_blocks,3,0.7215686274509804,0.0039215686274509665,nan,0.0,0.7058823529411765,0.020377068324339758
long_aliased_t_maze,long_cue_dependent_navigation,long_delayed_landmark_choice,sparse_aliased,temporal_full,lin_block_r5_l16,5,16,20,independent_blocks,3,0.5058823529411764,0.0,nan,0.0,0.5647058823529412,0.006792356108113221
long_aliased_t_maze,long_cue_dependent_navigation,long_delayed_landmark_choice,sparse_aliased,temporal_full,lin_block_r5_l4,5,4,8,independent_blocks,3,0.5058823529411764,0.0,nan,0.0,0.5137254901960784,0.010375495337508197
long_aliased_t_maze,long_cue_dependent_navigation,long_delayed_landmark_choice,sparse_aliased,temporal_full,lin_block_r5_l64,5,64,68,independent_blocks,3,0.7333333333333334,0.003921568627451004,nan,0.0,0.7372549019607844,0.003921568627451004
long_aliased_t_maze,long_cue_dependent_navigation,long_delayed_landmark_choice,sparse_aliased,temporal_full,lin_sequence_all_units_r3_l4,3,4,6,all_units,9,0.5032679738562091,0.0017292492229180267,nan,0.0,0.4875816993464053,0.0034584984458360664
long_aliased_t_maze,long_cue_dependent_navigation,long_delayed_landmark_choice,sparse_aliased,temporal_full,lin_sequence_front_bands_r1_l2,1,2,2,front_bands,9,0.5058823529411764,0.0,nan,0.0,0.4836601307189543,0.004133696287801803
long_aliased_t_maze,long_cue_dependent_navigation,long_delayed_landmark_choice,sparse_aliased,temporal_full,lin_sequence_front_bands_r1_l4,1,4,4,front_bands,9,0.5058823529411764,0.0,nan,0.0,0.48235294117647065,0.0033961780540566256
long_aliased_t_maze,long_cue_dependent_navigation,long_delayed_landmark_choice,sparse_aliased,temporal_full,lin_sequence_front_bands_r1_l8,1,8,8,front_bands,9,0.5058823529411764,0.0,nan,0.0,0.4784313725490196,0.0033961780540566265
long_aliased_t_maze,long_cue_dependent_navigation,long_delayed_landmark_choice,sparse_aliased,temporal_full,lin_sequence_front_bands_r3_l2,3,2,4,front_bands,9,0.5058823529411764,0.0,nan,0.0,0.48496732026143796,0.0038110796698335296
long_aliased_t_maze,long_cue_dependent_navigation,long_delayed_landmark_choice,sparse_aliased,temporal_full,lin_sequence_front_bands_r3_l4,3,4,6,front_bands,9,0.5045751633986928,0.0013071895424836555,nan,0.0,0.47973856209150323,0.0032679738562091543
long_aliased_t_maze,long_cue_dependent_navigation,long_delayed_landmark_choice,sparse_aliased,temporal_full,lin_sequence_front_bands_r3_l8,3,8,10,front_bands,9,0.4980392156862745,0.003921568627450977,nan,0.0,0.47973856209150334,0.006437161961958239
long_aliased_t_maze,long_cue_dependent_navigation,long_delayed_landmark_choice,sparse_aliased,temporal_full,lin_sequence_front_bands_r5_l2,5,2,6,front_bands,9,0.5045751633986928,0.0013071895424836555,nan,0.0,0.4836601307189543,0.003065631215570873
long_aliased_t_maze,long_cue_dependent_navigation,long_delayed_landmark_choice,sparse_aliased,temporal_full,lin_sequence_front_bands_r5_l4,5,4,8,front_bands,9,0.5006535947712418,0.0028489535578697157,nan,0.0,0.4862745098039216,0.003921568627450981
long_aliased_t_maze,long_cue_dependent_navigation,long_delayed_landmark_choice,sparse_aliased,temporal_full,lin_sequence_front_bands_r5_l8,5,8,12,front_bands,9,0.49150326797385624,0.008720041871977993,nan,0.0,0.4784313725490196,0.008985442539129099
long_aliased_t_maze,long_cue_dependent_navigation,long_delayed_landmark_choice,sparse_aliased,temporal_full,memoryless_linear,,,,,3,0.5058823529411764,0.0,nan,0.0,0.4862745098039216,0.0039215686274509855
long_aliased_t_maze,long_cue_dependent_navigation,long_delayed_landmark_choice,sparse_aliased,temporal_full,memoryless_mlp,,,,,3,0.5058823529411764,0.0,nan,0.0,0.4862745098039216,0.0039215686274509855
long_aliased_t_maze,long_cue_dependent_navigation,long_delayed_landmark_choice,sparse_aliased,temporal_full,numpy_rnn,,,,,3,0.5058823529411764,0.0,nan,0.0,0.4901960784313726,0.010375495337508197
long_aliased_t_maze,long_cue_dependent_navigation,long_delayed_landmark_choice,sparse_aliased,temporal_full,reservoir_block_hybrid,,,,all_units,9,0.4862745098039216,0.00588235294117647,nan,0.0,0.5111111111111111,0.023043271325234243
long_aliased_t_maze,long_cue_dependent_navigation,long_delayed_landmark_choice,sparse_aliased,temporal_full,reservoir_diagonal,,,,all_units,9,0.5032679738562091,0.0017292492229180267,nan,0.0,0.5738562091503269,0.01326652492168918
long_aliased_t_maze,long_cue_dependent_navigation,long_delayed_landmark_choice,sparse_aliased,temporal_full,reservoir_low_rank,,,,all_units,9,0.5490196078431373,0.04762728549604361,nan,0.0,0.5189542483660131,0.02428876362883928
long_aliased_t_maze,long_cue_dependent_navigation,long_delayed_landmark_choice,sparse_aliased,temporal_full,reservoir_nilpotent,,,,all_units,9,0.4745098039215686,0.007069708383262722,nan,0.0,0.45228758169934635,0.007365638999728526
long_aliased_t_maze,long_cue_dependent_navigation,long_delayed_landmark_choice,sparse_aliased,temporal_full,reservoir_orthogonal,,,,all_units,9,0.4549019607843138,0.005187747668754097,nan,0.0,0.4771241830065359,0.011618554793876587
long_aliased_t_maze,long_cue_dependent_navigation,long_delayed_landmark_choice,sparse_aliased,temporal_full,reservoir_oscillatory,,,,all_units,9,0.45882352941176463,0.010739657990297377,nan,0.0,0.457516339869281,0.006633262460844588
long_aliased_t_maze,long_cue_dependent_navigation,long_delayed_landmark_choice,sparse_aliased,temporal_full,reservoir_random,,,,all_units,9,0.48496732026143796,0.008267392575603607,nan,0.0,0.48235294117647054,0.008084520834544437
long_aliased_t_maze,long_cue_dependent_navigation,long_delayed_landmark_choice,sparse_aliased,temporal_full,reservoir_sparse,,,,all_units,9,0.4875816993464053,0.0044328954138073634,nan,0.0,0.4810457516339869,0.006916996891672137
long_aliased_t_maze,long_cue_dependent_navigation,long_delayed_landmark_choice,sparse_aliased,temporal_full,reservoir_symmetric,,,,all_units,9,0.5019607843137255,0.0019607843137254832,nan,0.0,0.5241830065359477,0.009426277844350298
