task,obs_mode,temporal_mode,best_memoryless_accuracy,best_recurrent_model,best_recurrent_accuracy,memory_advantage
aliased_loop_rooms,egocentric_landmark,temporal_cue_then_blank,0.25,lin_sequence_front_bands_r5_l4,0.4333333333333333,0.1833333333333333
aliased_loop_rooms,egocentric_landmark,temporal_dropout,0.35,numpy_rnn,0.45,0.10000000000000003
aliased_loop_rooms,egocentric_landmark,temporal_full,0.30000000000000004,numpy_rnn,0.45,0.14999999999999997
aliased_loop_rooms,hybrid,temporal_cue_then_blank,0.35,reservoir_diagonal,0.5,0.15000000000000002
aliased_loop_rooms,hybrid,temporal_dropout,0.2,reservoir_diagonal,0.48333333333333334,0.2833333333333333
aliased_loop_rooms,hybrid,temporal_full,0.4,reservoir_diagonal,0.5,0.09999999999999998
aliased_loop_rooms,sparse_aliased,temporal_cue_then_blank,0.25,reservoir_diagonal,0.45,0.2
aliased_loop_rooms,sparse_aliased,temporal_dropout,0.35,lin_sequence_front_bands_r1_l4,0.43333333333333335,0.08333333333333337
aliased_loop_rooms,sparse_aliased,temporal_full,0.30000000000000004,reservoir_diagonal,0.44999999999999996,0.1499999999999999
aliased_loop_rooms,vector,temporal_cue_then_blank,0.4,reservoir_diagonal,0.45,0.04999999999999999
aliased_loop_rooms,vector,temporal_dropout,0.35,reservoir_diagonal,0.46666666666666673,0.11666666666666675
aliased_loop_rooms,vector,temporal_full,0.35,lin_sequence_front_bands_r1_l2,0.5333333333333333,0.18333333333333335
aliased_rooms,egocentric_landmark,temporal_cue_then_blank,0.5666666666666667,lin_sequence_front_bands_r1_l2,0.7555555555555555,0.18888888888888888
aliased_rooms,egocentric_landmark,temporal_dropout,0.7,numpy_rnn,0.6666666666666666,-0.033333333333333326
aliased_rooms,egocentric_landmark,temporal_full,0.7666666666666666,reservoir_diagonal,0.811111111111111,0.0444444444444444
aliased_rooms,hybrid,temporal_cue_then_blank,0.5666666666666667,lin_sequence_front_bands_r1_l2,0.7444444444444445,0.1777777777777778
aliased_rooms,hybrid,temporal_dropout,0.5666666666666667,numpy_rnn,0.6666666666666666,0.09999999999999998
aliased_rooms,hybrid,temporal_full,0.7333333333333334,lin_sequence_front_bands_r1_l4,0.7777777777777778,0.0444444444444444
aliased_rooms,sparse_aliased,temporal_cue_then_blank,0.5666666666666667,lin_sequence_front_bands_r1_l2,0.7999999999999999,0.23333333333333328
aliased_rooms,sparse_aliased,temporal_dropout,0.5333333333333333,numpy_rnn,0.6666666666666666,0.1333333333333333
aliased_rooms,sparse_aliased,temporal_full,0.5,reservoir_diagonal,0.7666666666666666,0.2666666666666666
aliased_rooms,vector,temporal_cue_then_blank,0.5666666666666667,reservoir_diagonal,0.7555555555555555,0.18888888888888888
aliased_rooms,vector,temporal_dropout,0.6,numpy_rnn,0.6666666666666666,0.06666666666666665
aliased_rooms,vector,temporal_full,0.6333333333333333,reservoir_diagonal,0.7111111111111111,0.07777777777777783
aliased_t_maze,egocentric_landmark,temporal_cue_then_blank,0.6666666666666666,lin_sequence_front_bands_r5_l8,0.9722222222222223,0.3055555555555557
aliased_t_maze,egocentric_landmark,temporal_dropout,0.75,lin_sequence_front_bands_r1_l8,0.888888888888889,0.13888888888888895
aliased_t_maze,egocentric_landmark,temporal_full,0.8333333333333334,lin_sequence_front_bands_r1_l8,1.0,0.16666666666666663
aliased_t_maze,hybrid,temporal_cue_then_blank,0.6666666666666666,lin_sequence_front_bands_r3_l8,0.9444444444444445,0.2777777777777779
aliased_t_maze,hybrid,temporal_dropout,0.75,lin_sequence_front_bands_r3_l8,0.8333333333333334,0.08333333333333337
aliased_t_maze,hybrid,temporal_full,0.6666666666666667,lin_sequence_front_bands_r1_l8,0.9722222222222223,0.3055555555555556
aliased_t_maze,sparse_aliased,temporal_cue_then_blank,0.6666666666666666,lin_sequence_front_bands_r3_l8,1.0,0.33333333333333337
aliased_t_maze,sparse_aliased,temporal_dropout,0.6666666666666666,reservoir_nilpotent,0.8333333333333335,0.16666666666666685
aliased_t_maze,sparse_aliased,temporal_full,0.6666666666666666,lin_sequence_front_bands_r1_l8,1.0,0.33333333333333337
aliased_t_maze,vector,temporal_cue_then_blank,0.6666666666666666,lin_sequence_front_bands_r3_l8,0.9722222222222223,0.3055555555555557
aliased_t_maze,vector,temporal_dropout,0.75,lin_sequence_front_bands_r5_l8,0.9166666666666666,0.16666666666666663
aliased_t_maze,vector,temporal_full,0.6666666666666667,lin_sequence_front_bands_r5_l8,1.0,0.33333333333333326
bottleneck_rooms,egocentric_landmark,temporal_cue_then_blank,0.5333333333333333,lin_sequence_front_bands_r1_l8,0.7333333333333333,0.19999999999999996
bottleneck_rooms,egocentric_landmark,temporal_dropout,0.43333333333333335,numpy_rnn,0.7,0.2666666666666666
bottleneck_rooms,egocentric_landmark,temporal_full,0.8,numpy_rnn,0.7666666666666666,-0.03333333333333344
bottleneck_rooms,hybrid,temporal_cue_then_blank,0.5333333333333333,numpy_rnn,0.7333333333333333,0.19999999999999996
bottleneck_rooms,hybrid,temporal_dropout,0.5333333333333333,numpy_rnn,0.7666666666666666,0.23333333333333328
bottleneck_rooms,hybrid,temporal_full,0.7333333333333333,numpy_rnn,0.7333333333333333,0.0
bottleneck_rooms,sparse_aliased,temporal_cue_then_blank,0.6333333333333333,reservoir_diagonal,0.7777777777777777,0.14444444444444438
bottleneck_rooms,sparse_aliased,temporal_dropout,0.6,numpy_rnn,0.8333333333333333,0.23333333333333328
bottleneck_rooms,sparse_aliased,temporal_full,0.6666666666666666,numpy_rnn,0.7333333333333333,0.06666666666666665
bottleneck_rooms,vector,temporal_cue_then_blank,0.6333333333333333,numpy_rnn,0.7333333333333333,0.09999999999999998
bottleneck_rooms,vector,temporal_dropout,0.6333333333333333,numpy_rnn,0.7333333333333333,0.09999999999999998
bottleneck_rooms,vector,temporal_full,0.7,numpy_rnn,0.7666666666666666,0.06666666666666665
landmark_gap_detour,egocentric_landmark,temporal_cue_then_blank,0.3333333333333333,lin_sequence_front_bands_r1_l8,1.0,0.6666666666666667
landmark_gap_detour,egocentric_landmark,temporal_dropout,0.5833333333333333,lin_sequence_front_bands_r1_l8,0.75,0.16666666666666674
landmark_gap_detour,egocentric_landmark,temporal_full,0.8333333333333334,lin_sequence_front_bands_r1_l8,1.0,0.16666666666666663
landmark_gap_detour,hybrid,temporal_cue_then_blank,0.25,lin_sequence_front_bands_r1_l8,1.0,0.75
landmark_gap_detour,hybrid,temporal_dropout,0.41666666666666663,lin_sequence_front_bands_r1_l8,0.7777777777777778,0.36111111111111116
landmark_gap_detour,hybrid,temporal_full,0.5833333333333333,lin_sequence_front_bands_r3_l8,0.9722222222222223,0.38888888888888906
landmark_gap_detour,sparse_aliased,temporal_cue_then_blank,0.3333333333333333,lin_sequence_front_bands_r1_l8,1.0,0.6666666666666667
landmark_gap_detour,sparse_aliased,temporal_dropout,0.5,lin_sequence_front_bands_r3_l8,0.7777777777777778,0.2777777777777778
landmark_gap_detour,sparse_aliased,temporal_full,0.5,lin_sequence_front_bands_r1_l8,1.0,0.5
landmark_gap_detour,vector,temporal_cue_then_blank,0.25,lin_sequence_front_bands_r3_l8,1.0,0.75
landmark_gap_detour,vector,temporal_dropout,0.3333333333333333,lin_sequence_front_bands_r1_l8,0.8055555555555555,0.47222222222222215
landmark_gap_detour,vector,temporal_full,0.3333333333333333,lin_sequence_front_bands_r1_l8,1.0,0.6666666666666667
shortcut_route_choice,egocentric_landmark,temporal_cue_then_blank,0.6,lin_sequence_front_bands_r1_l8,1.0,0.4
shortcut_route_choice,egocentric_landmark,temporal_dropout,0.6,lin_sequence_front_bands_r5_l4,0.9666666666666667,0.3666666666666667
shortcut_route_choice,egocentric_landmark,temporal_full,0.8,lin_sequence_front_bands_r1_l8,1.0,0.19999999999999996
shortcut_route_choice,hybrid,temporal_cue_then_blank,0.4,lin_sequence_front_bands_r1_l8,1.0,0.6
shortcut_route_choice,hybrid,temporal_dropout,0.7,lin_sequence_front_bands_r1_l8,0.9333333333333332,0.23333333333333328
shortcut_route_choice,hybrid,temporal_full,1.0,lin_sequence_front_bands_r1_l8,1.0,0.0
shortcut_route_choice,sparse_aliased,temporal_cue_then_blank,0.6,lin_sequence_front_bands_r1_l8,1.0,0.4
shortcut_route_choice,sparse_aliased,temporal_dropout,0.8,lin_sequence_front_bands_r5_l4,0.8333333333333334,0.033333333333333326
shortcut_route_choice,sparse_aliased,temporal_full,0.8,lin_sequence_front_bands_r1_l8,1.0,0.19999999999999996
shortcut_route_choice,vector,temporal_cue_then_blank,0.4,lin_sequence_front_bands_r1_l8,1.0,0.6
shortcut_route_choice,vector,temporal_dropout,0.5,reservoir_diagonal,0.9666666666666667,0.4666666666666667
shortcut_route_choice,vector,temporal_full,0.6,lin_sequence_front_bands_r1_l8,1.0,0.4
torus_lattice,egocentric_landmark,temporal_cue_then_blank,0.35714285714285715,numpy_rnn,0.5357142857142857,0.17857142857142855
torus_lattice,egocentric_landmark,temporal_dropout,0.3214285714285714,numpy_rnn,0.4642857142857143,0.1428571428571429
torus_lattice,egocentric_landmark,temporal_full,0.35714285714285715,numpy_rnn,0.5,0.14285714285714285
torus_lattice,hybrid,temporal_cue_then_blank,0.4285714285714286,numpy_rnn,0.5357142857142857,0.1071428571428571
torus_lattice,hybrid,temporal_dropout,0.42857142857142855,numpy_rnn,0.5357142857142857,0.10714285714285715
torus_lattice,hybrid,temporal_full,0.42857142857142855,numpy_rnn,0.5357142857142857,0.10714285714285715
torus_lattice,sparse_aliased,temporal_cue_then_blank,0.35714285714285715,numpy_rnn,0.5357142857142857,0.17857142857142855
torus_lattice,sparse_aliased,temporal_dropout,0.35714285714285715,numpy_rnn,0.5,0.14285714285714285
torus_lattice,sparse_aliased,temporal_full,0.35714285714285715,numpy_rnn,0.5357142857142857,0.17857142857142855
torus_lattice,vector,temporal_cue_then_blank,0.5357142857142857,numpy_rnn,0.5357142857142857,0.0
torus_lattice,vector,temporal_dropout,0.5714285714285714,lin_sequence_front_bands_r1_l2,0.5476190476190476,-0.023809523809523836
torus_lattice,vector,temporal_full,0.5714285714285714,lin_sequence_front_bands_r1_l2,0.5952380952380952,0.023809523809523836
trace_commute_000,egocentric_landmark,temporal_cue_then_blank,0.3177083333333333,numpy_rnn,0.36458333333333337,0.046875000000000056
trace_commute_000,egocentric_landmark,temporal_dropout,0.6822916666666667,lin_sequence_front_bands_r5_l4,0.6996527777777778,0.01736111111111105
trace_commute_000,egocentric_landmark,temporal_full,0.9947916666666667,numpy_rnn,0.9947916666666667,0.0
trace_commute_000,hybrid,temporal_cue_then_blank,0.3333333333333333,numpy_rnn,0.36458333333333337,0.031250000000000056
trace_commute_000,hybrid,temporal_dropout,0.6510416666666667,numpy_rnn,0.6927083333333334,0.04166666666666663
trace_commute_000,hybrid,temporal_full,0.9947916666666667,numpy_rnn,0.9947916666666667,0.0
trace_commute_000,sparse_aliased,temporal_cue_then_blank,0.3177083333333333,numpy_rnn,0.36458333333333337,0.046875000000000056
trace_commute_000,sparse_aliased,temporal_dropout,0.6302083333333334,numpy_rnn,0.6770833333333333,0.04687499999999989
trace_commute_000,sparse_aliased,temporal_full,0.9947916666666667,numpy_rnn,0.9947916666666667,0.0
trace_commute_000,vector,temporal_cue_then_blank,0.3333333333333333,numpy_rnn,0.359375,0.026041666666666685
trace_commute_000,vector,temporal_dropout,0.44270833333333337,reservoir_symmetric,0.501736111111111,0.05902777777777768
trace_commute_000,vector,temporal_full,0.5520833333333333,lin_sequence_all_units_r3_l4,0.9947916666666666,0.44270833333333337
trace_commute_067,egocentric_landmark,temporal_cue_then_blank,0.24479166666666669,reservoir_diagonal,0.5,0.2552083333333333
trace_commute_067,egocentric_landmark,temporal_dropout,0.41145833333333337,lin_sequence_front_bands_r5_l8,0.5538194444444444,0.14236111111111105
trace_commute_067,egocentric_landmark,temporal_full,0.47916666666666663,lin_sequence_front_bands_r1_l8,0.6788194444444443,0.19965277777777768
trace_commute_067,hybrid,temporal_cue_then_blank,0.36979166666666663,reservoir_diagonal,0.6440972222222222,0.2743055555555556
trace_commute_067,hybrid,temporal_dropout,0.53125,reservoir_block_hybrid,0.6631944444444445,0.13194444444444453
trace_commute_067,hybrid,temporal_full,0.6927083333333333,lin_sequence_front_bands_r3_l8,0.8802083333333334,0.1875000000000001
trace_commute_067,sparse_aliased,temporal_cue_then_blank,0.24479166666666669,reservoir_diagonal,0.48611111111111116,0.24131944444444448
trace_commute_067,sparse_aliased,temporal_dropout,0.390625,lin_sequence_front_bands_r1_l8,0.5416666666666666,0.15104166666666663
trace_commute_067,sparse_aliased,temporal_full,0.5364583333333333,numpy_rnn,0.75,0.21354166666666674
trace_commute_067,vector,temporal_cue_then_blank,0.36979166666666663,reservoir_diagonal,0.6493055555555555,0.27951388888888884
trace_commute_067,vector,temporal_dropout,0.453125,reservoir_diagonal,0.6614583333333333,0.20833333333333326
trace_commute_067,vector,temporal_full,0.6041666666666666,reservoir_block_hybrid,0.8836805555555557,0.27951388888888906
trace_commute_100,egocentric_landmark,temporal_cue_then_blank,0.56,lin_sequence_front_bands_r3_l8,0.7666666666666666,0.20666666666666655
trace_commute_100,egocentric_landmark,temporal_dropout,0.6333333333333333,lin_sequence_front_bands_r1_l8,0.7311111111111112,0.09777777777777785
trace_commute_100,egocentric_landmark,temporal_full,0.7666666666666666,reservoir_diagonal,0.8866666666666666,0.12
trace_commute_100,hybrid,temporal_cue_then_blank,0.56,lin_sequence_front_bands_r5_l8,0.7666666666666666,0.20666666666666655
trace_commute_100,hybrid,temporal_dropout,0.54,lin_sequence_front_bands_r1_l8,0.7844444444444445,0.24444444444444446
trace_commute_100,hybrid,temporal_full,0.5866666666666667,reservoir_nilpotent,0.8466666666666667,0.26
trace_commute_100,sparse_aliased,temporal_cue_then_blank,0.4,reservoir_symmetric,0.6066666666666667,0.20666666666666667
trace_commute_100,sparse_aliased,temporal_dropout,0.42000000000000004,lin_sequence_front_bands_r1_l8,0.5800000000000001,0.16000000000000003
trace_commute_100,sparse_aliased,temporal_full,0.4,lin_sequence_front_bands_r5_l8,0.5888888888888889,0.18888888888888888
trace_commute_100,vector,temporal_cue_then_blank,0.56,lin_sequence_front_bands_r3_l8,0.7755555555555556,0.2155555555555555
trace_commute_100,vector,temporal_dropout,0.5666666666666667,lin_sequence_front_bands_r3_l8,0.7844444444444445,0.21777777777777785
trace_commute_100,vector,temporal_full,0.5866666666666667,reservoir_orthogonal,0.9,0.31333333333333335
tree,egocentric_landmark,temporal_cue_then_blank,0.9423076923076923,numpy_rnn,0.9551282051282051,0.012820512820512775
tree,egocentric_landmark,temporal_dropout,0.967948717948718,numpy_rnn,0.9743589743589743,0.0064102564102563875
tree,egocentric_landmark,temporal_full,0.967948717948718,numpy_rnn,0.9743589743589743,0.0064102564102563875
tree,hybrid,temporal_cue_then_blank,0.9487179487179487,numpy_rnn,0.967948717948718,0.019230769230769273
tree,hybrid,temporal_dropout,0.967948717948718,lin_sequence_front_bands_r1_l2,0.967948717948718,0.0
tree,hybrid,temporal_full,0.967948717948718,reservoir_diagonal,0.9700854700854701,0.002136752136752129
tree,sparse_aliased,temporal_cue_then_blank,0.9423076923076923,numpy_rnn,0.967948717948718,0.02564102564102566
tree,sparse_aliased,temporal_dropout,0.967948717948718,lin_sequence_front_bands_r1_l2,0.967948717948718,0.0
tree,sparse_aliased,temporal_full,0.967948717948718,lin_sequence_front_bands_r1_l2,0.967948717948718,0.0
tree,vector,temporal_cue_then_blank,0.9551282051282051,numpy_rnn,0.967948717948718,0.012820512820512886
tree,vector,temporal_dropout,0.967948717948718,reservoir_diagonal,0.9722222222222222,0.004273504273504258
tree,vector,temporal_full,0.967948717948718,numpy_rnn,0.967948717948718,0.0
