topology,aliasing,cue_visibility,model,state_dim,n_runs,action_accuracy_mean,action_accuracy_sem,decision_accuracy_mean,decision_accuracy_sem,decision_fraction_mean
bottleneck,high,cue_gap,history_h8,96,2,0.6458333333333333,0.041666666666666685,0.6046511627906976,0.04651162790697677,0.8958333333333334
bottleneck,high,cue_gap,hybrid_vector_history_h8,104,2,0.7395833333333333,0.052083333333333315,0.7093023255813954,0.05813953488372092,0.8958333333333334
bottleneck,high,cue_gap,lin_block_r3_l16,216,2,0.59375,0.07291666666666663,0.5465116279069767,0.0813953488372093,0.8958333333333334
bottleneck,high,cue_gap,memoryless_linear,12,2,0.65625,0.03125,0.6162790697674418,0.034883720930232565,0.8958333333333334
bottleneck,high,cue_gap,numpy_rnn_h32,32,2,0.65625,0.03125,0.6162790697674418,0.034883720930232565,0.8958333333333334
bottleneck,high,cue_gap,reservoir_diagonal_h32,32,2,0.71875,0.01041666666666663,0.686046511627907,0.011627906976744205,0.8958333333333334
bottleneck,high,cue_gap,reservoir_nilpotent_h32,32,2,0.5729166666666667,0.010416666666666683,0.5232558139534884,0.011627906976744151,0.8958333333333334
bottleneck,high,persistent,history_h8,96,2,0.7291666666666667,0.02083333333333331,0.7291666666666667,0.02083333333333331,1.0
bottleneck,high,persistent,hybrid_vector_history_h8,104,2,0.8020833333333333,0.052083333333333315,0.8020833333333333,0.052083333333333315,1.0
bottleneck,high,persistent,lin_block_r3_l16,216,2,0.7291666666666666,0.0,0.7291666666666666,0.0,1.0
bottleneck,high,persistent,memoryless_linear,12,2,0.65625,0.01041666666666663,0.65625,0.01041666666666663,1.0
bottleneck,high,persistent,numpy_rnn_h32,32,2,0.6770833333333333,0.010416666666666683,0.6770833333333333,0.010416666666666683,1.0
bottleneck,high,persistent,reservoir_diagonal_h32,32,2,0.78125,0.03125,0.78125,0.03125,1.0
bottleneck,high,persistent,reservoir_nilpotent_h32,32,2,0.6979166666666666,0.03125,0.6979166666666666,0.03125,1.0
bottleneck,low,cue_gap,history_h8,64,2,0.6458333333333333,0.041666666666666685,0.6046511627906976,0.04651162790697677,0.8958333333333334
bottleneck,low,cue_gap,hybrid_vector_history_h8,72,2,0.75,0.0625,0.7209302325581395,0.06976744186046507,0.8958333333333334
bottleneck,low,cue_gap,lin_block_r3_l16,144,2,0.5833333333333334,0.0625,0.5348837209302325,0.0697674418604651,0.8958333333333334
bottleneck,low,cue_gap,memoryless_linear,8,2,0.65625,0.03125,0.6162790697674418,0.034883720930232565,0.8958333333333334
bottleneck,low,cue_gap,numpy_rnn_h32,32,2,0.65625,0.03125,0.6162790697674418,0.034883720930232565,0.8958333333333334
bottleneck,low,cue_gap,reservoir_diagonal_h32,32,2,0.7083333333333334,0.0,0.686046511627907,0.011627906976744205,0.8958333333333334
bottleneck,low,cue_gap,reservoir_nilpotent_h32,32,2,0.5729166666666666,0.03125,0.5348837209302326,0.04651162790697677,0.8958333333333334
bottleneck,low,persistent,history_h8,64,2,0.7395833333333334,0.03125,0.6625,0.03749999999999998,0.1875
bottleneck,low,persistent,hybrid_vector_history_h8,72,2,0.7395833333333334,0.03125,0.6625,0.03749999999999998,0.1875
bottleneck,low,persistent,lin_block_r3_l16,144,2,0.71875,0.01041666666666663,0.85,0.15,0.1875
bottleneck,low,persistent,memoryless_linear,8,2,0.6770833333333333,0.052083333333333315,0.275,0.024999999999999994,0.1875
bottleneck,low,persistent,numpy_rnn_h32,32,2,0.6770833333333333,0.010416666666666683,0.4875,0.11249999999999999,0.1875
bottleneck,low,persistent,reservoir_diagonal_h32,32,2,0.78125,0.01041666666666663,0.525,0.22499999999999998,0.1875
bottleneck,low,persistent,reservoir_nilpotent_h32,32,2,0.78125,0.01041666666666663,0.675,0.075,0.1875
loop_rich,high,cue_gap,history_h8,96,2,0.4193548387096774,0.03225806451612903,0.40632183908045977,0.027011494252873577,0.9516129032258065
loop_rich,high,cue_gap,hybrid_vector_history_h8,104,2,0.596774193548387,0.04838709677419356,0.5925287356321839,0.040804597701149414,0.9516129032258065
loop_rich,high,cue_gap,lin_block_r3_l16,216,2,0.4193548387096774,0.03225806451612903,0.40632183908045977,0.027011494252873577,0.9516129032258065
loop_rich,high,cue_gap,memoryless_linear,12,2,0.4838709677419355,0.03225806451612903,0.47413793103448276,0.025862068965517234,0.9516129032258065
loop_rich,high,cue_gap,numpy_rnn_h32,32,2,0.5161290322580645,0.0,0.5086206896551724,0.00862068965517243,0.9516129032258065
loop_rich,high,cue_gap,reservoir_diagonal_h32,32,2,0.43548387096774194,0.016129032258064502,0.4241379310344828,0.02413793103448275,0.9516129032258065
loop_rich,high,cue_gap,reservoir_nilpotent_h32,32,2,0.4032258064516129,0.01612903225806453,0.3896551724137931,0.010344827586206917,0.9516129032258065
loop_rich,high,persistent,history_h8,96,2,0.4838709677419355,0.06451612903225802,0.4838709677419355,0.06451612903225802,1.0
loop_rich,high,persistent,hybrid_vector_history_h8,104,2,0.6129032258064516,0.032258064516129004,0.6129032258064516,0.032258064516129004,1.0
loop_rich,high,persistent,lin_block_r3_l16,216,2,0.467741935483871,0.11290322580645161,0.467741935483871,0.11290322580645161,1.0
loop_rich,high,persistent,memoryless_linear,12,2,0.564516129032258,0.04838709677419356,0.564516129032258,0.04838709677419356,1.0
loop_rich,high,persistent,numpy_rnn_h32,32,2,0.5,0.016129032258064502,0.5,0.016129032258064502,1.0
loop_rich,high,persistent,reservoir_diagonal_h32,32,2,0.5483870967741935,0.09677419354838708,0.5483870967741935,0.09677419354838708,1.0
loop_rich,high,persistent,reservoir_nilpotent_h32,32,2,0.45161290322580644,0.06451612903225805,0.45161290322580644,0.06451612903225805,1.0
loop_rich,low,cue_gap,history_h8,64,2,0.467741935483871,0.01612903225806453,0.4666666666666667,0.033333333333333326,0.903225806451613
loop_rich,low,cue_gap,hybrid_vector_history_h8,72,2,0.5806451612903226,0.0,0.591025641025641,0.02435897435897438,0.903225806451613
loop_rich,low,cue_gap,lin_block_r3_l16,144,2,0.467741935483871,0.01612903225806453,0.4666666666666667,0.033333333333333326,0.903225806451613
loop_rich,low,cue_gap,memoryless_linear,8,2,0.5,0.016129032258064502,0.5,0.0,0.903225806451613
loop_rich,low,cue_gap,numpy_rnn_h32,32,2,0.5161290322580645,0.0,0.5,0.0,0.903225806451613
loop_rich,low,cue_gap,reservoir_diagonal_h32,32,2,0.5161290322580645,0.032258064516129004,0.5217948717948717,0.0551282051282051,0.903225806451613
loop_rich,low,cue_gap,reservoir_nilpotent_h32,32,2,0.43548387096774194,0.016129032258064502,0.4666666666666667,0.033333333333333326,0.903225806451613
loop_rich,low,persistent,history_h8,64,2,0.6290322580645161,0.048387096774193505,0.3571428571428571,0.07142857142857142,0.22580645161290322
loop_rich,low,persistent,hybrid_vector_history_h8,72,2,0.6290322580645161,0.048387096774193505,0.3571428571428571,0.07142857142857142,0.22580645161290322
loop_rich,low,persistent,lin_block_r3_l16,144,2,0.6129032258064516,0.0,0.42857142857142855,0.0,0.22580645161290322
loop_rich,low,persistent,memoryless_linear,8,2,0.5,0.016129032258064502,0.14285714285714285,0.14285714285714285,0.22580645161290322
loop_rich,low,persistent,numpy_rnn_h32,32,2,0.5161290322580645,0.0,0.2857142857142857,0.0,0.22580645161290322
loop_rich,low,persistent,reservoir_diagonal_h32,32,2,0.564516129032258,0.016129032258064557,0.14285714285714285,0.0,0.22580645161290322
loop_rich,low,persistent,reservoir_nilpotent_h32,32,2,0.6129032258064516,0.0,0.3571428571428571,0.07142857142857142,0.22580645161290322
tree_like,high,cue_gap,history_h8,96,2,0.375,0.017857142857142846,0.3201357466063348,0.0260180995475113,0.9196428571428572
tree_like,high,cue_gap,hybrid_vector_history_h8,104,2,0.5803571428571428,0.026785714285714246,0.5439291101055808,0.024698340874811427,0.9196428571428572
tree_like,high,cue_gap,lin_block_r3_l16,216,2,0.35714285714285715,0.03571428571428569,0.3005279034690799,0.04562594268476621,0.9196428571428572
tree_like,high,cue_gap,memoryless_linear,12,2,0.3303571428571429,0.008928571428571423,0.330316742081448,0.02262443438914027,0.9196428571428572
tree_like,high,cue_gap,numpy_rnn_h32,32,2,0.3125,0.0267857142857143,0.3207013574660633,0.032239819004524904,0.9196428571428572
tree_like,high,cue_gap,reservoir_diagonal_h32,32,2,0.4375,0.008928571428571452,0.4272247360482655,0.004147812971342396,0.9196428571428572
tree_like,high,cue_gap,reservoir_nilpotent_h32,32,2,0.3125,0.008928571428571452,0.2914781297134238,0.022247360482654605,0.9196428571428572
tree_like,high,persistent,history_h8,96,2,0.7232142857142857,0.008928571428571397,0.7232142857142857,0.008928571428571397,1.0
tree_like,high,persistent,hybrid_vector_history_h8,104,2,0.7767857142857142,0.044642857142857144,0.7767857142857142,0.044642857142857144,1.0
tree_like,high,persistent,lin_block_r3_l16,216,2,0.7142857142857142,0.017857142857142846,0.7142857142857142,0.017857142857142846,1.0
tree_like,high,persistent,memoryless_linear,12,2,0.4285714285714286,0.017857142857142873,0.4285714285714286,0.017857142857142873,1.0
tree_like,high,persistent,numpy_rnn_h32,32,2,0.5357142857142858,0.017857142857142846,0.5357142857142858,0.017857142857142846,1.0
tree_like,high,persistent,reservoir_diagonal_h32,32,2,0.8125,0.0267857142857143,0.8125,0.0267857142857143,1.0
tree_like,high,persistent,reservoir_nilpotent_h32,32,2,0.6607142857142857,0.0,0.6607142857142857,0.0,1.0
tree_like,low,cue_gap,history_h8,64,2,0.3839285714285714,0.02678571428571427,0.3393665158371041,0.04524886877828054,0.9196428571428572
tree_like,low,cue_gap,hybrid_vector_history_h8,72,2,0.5625,0.044642857142857095,0.5343137254901961,0.03431372549019607,0.9196428571428572
tree_like,low,cue_gap,lin_block_r3_l16,144,2,0.3660714285714286,0.02678571428571427,0.32975113122171945,0.03563348416289591,0.9196428571428572
tree_like,low,cue_gap,memoryless_linear,8,2,0.35714285714285715,0.03571428571428569,0.330316742081448,0.02262443438914027,0.9196428571428572
tree_like,low,cue_gap,numpy_rnn_h32,32,2,0.4375,0.0267857142857143,0.4074283559577677,0.034879336349924565,0.9196428571428572
tree_like,low,cue_gap,reservoir_diagonal_h32,32,2,0.3839285714285714,0.008928571428571423,0.358974358974359,0.02564102564102566,0.9196428571428572
tree_like,low,cue_gap,reservoir_nilpotent_h32,32,2,0.375,0.017857142857142846,0.3395550527903469,0.025829562594268465,0.9196428571428572
tree_like,low,persistent,history_h8,64,2,0.6160714285714286,0.008928571428571452,0.2777777777777778,0.055555555555555546,0.16071428571428573
tree_like,low,persistent,hybrid_vector_history_h8,72,2,0.6160714285714286,0.008928571428571452,0.2777777777777778,0.055555555555555546,0.16071428571428573
tree_like,low,persistent,lin_block_r3_l16,144,2,0.6339285714285714,0.044642857142857144,0.3333333333333333,0.0,0.16071428571428573
tree_like,low,persistent,memoryless_linear,8,2,0.6071428571428572,0.05357142857142854,0.4444444444444444,0.11111111111111113,0.16071428571428573
tree_like,low,persistent,numpy_rnn_h32,32,2,0.6071428571428572,0.08928571428571425,0.3333333333333333,0.0,0.16071428571428573
tree_like,low,persistent,reservoir_diagonal_h32,32,2,0.6160714285714286,0.0625,0.2777777777777778,0.055555555555555546,0.16071428571428573
tree_like,low,persistent,reservoir_nilpotent_h32,32,2,0.5803571428571429,0.0625,0.16666666666666666,0.055555555555555546,0.16071428571428573
