task,topology,aliasing,obs_mode,cue_visibility,temporal_mode,dataset_seed,model,state_dim,n_train,n_test,decision_fraction,action_accuracy,decision_accuracy
room_graph_loop_rich,loop_rich,low,vector,persistent,temporal_full,3011,memoryless_linear,8,74,31,0.22580645161290322,0.5161290322580645,0.0
room_graph_loop_rich,loop_rich,low,vector,persistent,temporal_full,3011,history_h8,64,74,31,0.22580645161290322,0.5806451612903226,0.2857142857142857
room_graph_loop_rich,loop_rich,low,vector,persistent,temporal_full,3011,hybrid_vector_history_h8,72,74,31,0.22580645161290322,0.5806451612903226,0.2857142857142857
room_graph_loop_rich,loop_rich,low,vector,persistent,temporal_full,3011,numpy_rnn_h32,32,74,31,0.22580645161290322,0.5161290322580645,0.2857142857142857
room_graph_loop_rich,loop_rich,low,vector,persistent,temporal_full,3011,reservoir_diagonal_h32,32,74,31,0.22580645161290322,0.5483870967741935,0.14285714285714285
room_graph_loop_rich,loop_rich,low,vector,persistent,temporal_full,3011,reservoir_nilpotent_h32,32,74,31,0.22580645161290322,0.6129032258064516,0.2857142857142857
room_graph_loop_rich,loop_rich,low,vector,persistent,temporal_full,3011,lin_block_r3_l16,144,74,31,0.22580645161290322,0.6129032258064516,0.42857142857142855
room_graph_loop_rich,loop_rich,high,sparse_aliased,persistent,temporal_full,3111,memoryless_linear,12,74,31,1.0,0.6129032258064516,0.6129032258064516
room_graph_loop_rich,loop_rich,high,sparse_aliased,persistent,temporal_full,3111,history_h8,96,74,31,1.0,0.5483870967741935,0.5483870967741935
room_graph_loop_rich,loop_rich,high,sparse_aliased,persistent,temporal_full,3111,hybrid_vector_history_h8,104,74,31,1.0,0.6451612903225806,0.6451612903225806
room_graph_loop_rich,loop_rich,high,sparse_aliased,persistent,temporal_full,3111,numpy_rnn_h32,32,74,31,1.0,0.5161290322580645,0.5161290322580645
room_graph_loop_rich,loop_rich,high,sparse_aliased,persistent,temporal_full,3111,reservoir_diagonal_h32,32,74,31,1.0,0.6451612903225806,0.6451612903225806
room_graph_loop_rich,loop_rich,high,sparse_aliased,persistent,temporal_full,3111,reservoir_nilpotent_h32,32,74,31,1.0,0.3870967741935484,0.3870967741935484
room_graph_loop_rich,loop_rich,high,sparse_aliased,persistent,temporal_full,3111,lin_block_r3_l16,216,74,31,1.0,0.5806451612903226,0.5806451612903226
room_graph_loop_rich,loop_rich,low,vector,persistent,temporal_full,3017,memoryless_linear,8,74,31,0.22580645161290322,0.4838709677419355,0.2857142857142857
room_graph_loop_rich,loop_rich,low,vector,persistent,temporal_full,3017,history_h8,64,74,31,0.22580645161290322,0.6774193548387096,0.42857142857142855
room_graph_loop_rich,loop_rich,low,vector,persistent,temporal_full,3017,hybrid_vector_history_h8,72,74,31,0.22580645161290322,0.6774193548387096,0.42857142857142855
room_graph_loop_rich,loop_rich,low,vector,persistent,temporal_full,3017,numpy_rnn_h32,32,74,31,0.22580645161290322,0.5161290322580645,0.2857142857142857
room_graph_loop_rich,loop_rich,low,vector,persistent,temporal_full,3017,reservoir_diagonal_h32,32,74,31,0.22580645161290322,0.5806451612903226,0.14285714285714285
room_graph_loop_rich,loop_rich,low,vector,persistent,temporal_full,3017,reservoir_nilpotent_h32,32,74,31,0.22580645161290322,0.6129032258064516,0.42857142857142855
room_graph_loop_rich,loop_rich,low,vector,persistent,temporal_full,3017,lin_block_r3_l16,144,74,31,0.22580645161290322,0.6129032258064516,0.42857142857142855
room_graph_loop_rich,loop_rich,high,sparse_aliased,persistent,temporal_full,3117,memoryless_linear,12,74,31,1.0,0.5161290322580645,0.5161290322580645
room_graph_loop_rich,loop_rich,high,sparse_aliased,persistent,temporal_full,3117,history_h8,96,74,31,1.0,0.41935483870967744,0.41935483870967744
room_graph_loop_rich,loop_rich,high,sparse_aliased,persistent,temporal_full,3117,hybrid_vector_history_h8,104,74,31,1.0,0.5806451612903226,0.5806451612903226
room_graph_loop_rich,loop_rich,high,sparse_aliased,persistent,temporal_full,3117,numpy_rnn_h32,32,74,31,1.0,0.4838709677419355,0.4838709677419355
room_graph_loop_rich,loop_rich,high,sparse_aliased,persistent,temporal_full,3117,reservoir_diagonal_h32,32,74,31,1.0,0.45161290322580644,0.45161290322580644
room_graph_loop_rich,loop_rich,high,sparse_aliased,persistent,temporal_full,3117,reservoir_nilpotent_h32,32,74,31,1.0,0.5161290322580645,0.5161290322580645
room_graph_loop_rich,loop_rich,high,sparse_aliased,persistent,temporal_full,3117,lin_block_r3_l16,216,74,31,1.0,0.3548387096774194,0.3548387096774194
room_graph_loop_rich,loop_rich,low,vector,cue_gap,temporal_cue_then_blank,4011,memoryless_linear,8,74,31,0.967741935483871,0.5161290322580645,0.5
room_graph_loop_rich,loop_rich,low,vector,cue_gap,temporal_cue_then_blank,4011,history_h8,64,74,31,0.967741935483871,0.45161290322580644,0.43333333333333335
room_graph_loop_rich,loop_rich,low,vector,cue_gap,temporal_cue_then_blank,4011,hybrid_vector_history_h8,72,74,31,0.967741935483871,0.5806451612903226,0.5666666666666667
room_graph_loop_rich,loop_rich,low,vector,cue_gap,temporal_cue_then_blank,4011,numpy_rnn_h32,32,74,31,0.967741935483871,0.5161290322580645,0.5
room_graph_loop_rich,loop_rich,low,vector,cue_gap,temporal_cue_then_blank,4011,reservoir_diagonal_h32,32,74,31,0.967741935483871,0.4838709677419355,0.4666666666666667
room_graph_loop_rich,loop_rich,low,vector,cue_gap,temporal_cue_then_blank,4011,reservoir_nilpotent_h32,32,74,31,0.967741935483871,0.41935483870967744,0.43333333333333335
room_graph_loop_rich,loop_rich,low,vector,cue_gap,temporal_cue_then_blank,4011,lin_block_r3_l16,144,74,31,0.967741935483871,0.45161290322580644,0.43333333333333335
room_graph_loop_rich,loop_rich,high,sparse_aliased,cue_gap,temporal_cue_then_blank,4111,memoryless_linear,12,74,31,0.967741935483871,0.5161290322580645,0.5
room_graph_loop_rich,loop_rich,high,sparse_aliased,cue_gap,temporal_cue_then_blank,4111,history_h8,96,74,31,0.967741935483871,0.45161290322580644,0.43333333333333335
room_graph_loop_rich,loop_rich,high,sparse_aliased,cue_gap,temporal_cue_then_blank,4111,hybrid_vector_history_h8,104,74,31,0.967741935483871,0.6451612903225806,0.6333333333333333
room_graph_loop_rich,loop_rich,high,sparse_aliased,cue_gap,temporal_cue_then_blank,4111,numpy_rnn_h32,32,74,31,0.967741935483871,0.5161290322580645,0.5
room_graph_loop_rich,loop_rich,high,sparse_aliased,cue_gap,temporal_cue_then_blank,4111,reservoir_diagonal_h32,32,74,31,0.967741935483871,0.41935483870967744,0.4
room_graph_loop_rich,loop_rich,high,sparse_aliased,cue_gap,temporal_cue_then_blank,4111,reservoir_nilpotent_h32,32,74,31,0.967741935483871,0.41935483870967744,0.4
room_graph_loop_rich,loop_rich,high,sparse_aliased,cue_gap,temporal_cue_then_blank,4111,lin_block_r3_l16,216,74,31,0.967741935483871,0.45161290322580644,0.43333333333333335
room_graph_loop_rich,loop_rich,low,vector,cue_gap,temporal_cue_then_blank,4017,memoryless_linear,8,74,31,0.8387096774193549,0.4838709677419355,0.5
room_graph_loop_rich,loop_rich,low,vector,cue_gap,temporal_cue_then_blank,4017,history_h8,64,74,31,0.8387096774193549,0.4838709677419355,0.5
room_graph_loop_rich,loop_rich,low,vector,cue_gap,temporal_cue_then_blank,4017,hybrid_vector_history_h8,72,74,31,0.8387096774193549,0.5806451612903226,0.6153846153846154
room_graph_loop_rich,loop_rich,low,vector,cue_gap,temporal_cue_then_blank,4017,numpy_rnn_h32,32,74,31,0.8387096774193549,0.5161290322580645,0.5
room_graph_loop_rich,loop_rich,low,vector,cue_gap,temporal_cue_then_blank,4017,reservoir_diagonal_h32,32,74,31,0.8387096774193549,0.5483870967741935,0.5769230769230769
room_graph_loop_rich,loop_rich,low,vector,cue_gap,temporal_cue_then_blank,4017,reservoir_nilpotent_h32,32,74,31,0.8387096774193549,0.45161290322580644,0.5
room_graph_loop_rich,loop_rich,low,vector,cue_gap,temporal_cue_then_blank,4017,lin_block_r3_l16,144,74,31,0.8387096774193549,0.4838709677419355,0.5
room_graph_loop_rich,loop_rich,high,sparse_aliased,cue_gap,temporal_cue_then_blank,4117,memoryless_linear,12,74,31,0.9354838709677419,0.45161290322580644,0.4482758620689655
room_graph_loop_rich,loop_rich,high,sparse_aliased,cue_gap,temporal_cue_then_blank,4117,history_h8,96,74,31,0.9354838709677419,0.3870967741935484,0.3793103448275862
room_graph_loop_rich,loop_rich,high,sparse_aliased,cue_gap,temporal_cue_then_blank,4117,hybrid_vector_history_h8,104,74,31,0.9354838709677419,0.5483870967741935,0.5517241379310345
room_graph_loop_rich,loop_rich,high,sparse_aliased,cue_gap,temporal_cue_then_blank,4117,numpy_rnn_h32,32,74,31,0.9354838709677419,0.5161290322580645,0.5172413793103449
room_graph_loop_rich,loop_rich,high,sparse_aliased,cue_gap,temporal_cue_then_blank,4117,reservoir_diagonal_h32,32,74,31,0.9354838709677419,0.45161290322580644,0.4482758620689655
room_graph_loop_rich,loop_rich,high,sparse_aliased,cue_gap,temporal_cue_then_blank,4117,reservoir_nilpotent_h32,32,74,31,0.9354838709677419,0.3870967741935484,0.3793103448275862
room_graph_loop_rich,loop_rich,high,sparse_aliased,cue_gap,temporal_cue_then_blank,4117,lin_block_r3_l16,216,74,31,0.9354838709677419,0.3870967741935484,0.3793103448275862
room_graph_bottleneck,bottleneck,low,vector,persistent,temporal_full,3011,memoryless_linear,8,111,48,0.16666666666666666,0.625,0.25
room_graph_bottleneck,bottleneck,low,vector,persistent,temporal_full,3011,history_h8,64,111,48,0.16666666666666666,0.7083333333333334,0.625
room_graph_bottleneck,bottleneck,low,vector,persistent,temporal_full,3011,hybrid_vector_history_h8,72,111,48,0.16666666666666666,0.7083333333333334,0.625
room_graph_bottleneck,bottleneck,low,vector,persistent,temporal_full,3011,numpy_rnn_h32,32,111,48,0.16666666666666666,0.6666666666666666,0.375
room_graph_bottleneck,bottleneck,low,vector,persistent,temporal_full,3011,reservoir_diagonal_h32,32,111,48,0.16666666666666666,0.7916666666666666,0.75
room_graph_bottleneck,bottleneck,low,vector,persistent,temporal_full,3011,reservoir_nilpotent_h32,32,111,48,0.16666666666666666,0.7708333333333334,0.75
room_graph_bottleneck,bottleneck,low,vector,persistent,temporal_full,3011,lin_block_r3_l16,144,111,48,0.16666666666666666,0.7083333333333334,1.0
room_graph_bottleneck,bottleneck,high,sparse_aliased,persistent,temporal_full,3111,memoryless_linear,12,111,48,1.0,0.6458333333333334,0.6458333333333334
room_graph_bottleneck,bottleneck,high,sparse_aliased,persistent,temporal_full,3111,history_h8,96,111,48,1.0,0.7083333333333334,0.7083333333333334
room_graph_bottleneck,bottleneck,high,sparse_aliased,persistent,temporal_full,3111,hybrid_vector_history_h8,104,111,48,1.0,0.75,0.75
room_graph_bottleneck,bottleneck,high,sparse_aliased,persistent,temporal_full,3111,numpy_rnn_h32,32,111,48,1.0,0.6875,0.6875
room_graph_bottleneck,bottleneck,high,sparse_aliased,persistent,temporal_full,3111,reservoir_diagonal_h32,32,111,48,1.0,0.75,0.75
room_graph_bottleneck,bottleneck,high,sparse_aliased,persistent,temporal_full,3111,reservoir_nilpotent_h32,32,111,48,1.0,0.6666666666666666,0.6666666666666666
room_graph_bottleneck,bottleneck,high,sparse_aliased,persistent,temporal_full,3111,lin_block_r3_l16,216,111,48,1.0,0.7291666666666666,0.7291666666666666
room_graph_bottleneck,bottleneck,low,vector,persistent,temporal_full,3017,memoryless_linear,8,111,48,0.20833333333333334,0.7291666666666666,0.3
room_graph_bottleneck,bottleneck,low,vector,persistent,temporal_full,3017,history_h8,64,111,48,0.20833333333333334,0.7708333333333334,0.7
room_graph_bottleneck,bottleneck,low,vector,persistent,temporal_full,3017,hybrid_vector_history_h8,72,111,48,0.20833333333333334,0.7708333333333334,0.7
room_graph_bottleneck,bottleneck,low,vector,persistent,temporal_full,3017,numpy_rnn_h32,32,111,48,0.20833333333333334,0.6875,0.6
room_graph_bottleneck,bottleneck,low,vector,persistent,temporal_full,3017,reservoir_diagonal_h32,32,111,48,0.20833333333333334,0.7708333333333334,0.3
room_graph_bottleneck,bottleneck,low,vector,persistent,temporal_full,3017,reservoir_nilpotent_h32,32,111,48,0.20833333333333334,0.7916666666666666,0.6
room_graph_bottleneck,bottleneck,low,vector,persistent,temporal_full,3017,lin_block_r3_l16,144,111,48,0.20833333333333334,0.7291666666666666,0.7
room_graph_bottleneck,bottleneck,high,sparse_aliased,persistent,temporal_full,3117,memoryless_linear,12,111,48,1.0,0.6666666666666666,0.6666666666666666
room_graph_bottleneck,bottleneck,high,sparse_aliased,persistent,temporal_full,3117,history_h8,96,111,48,1.0,0.75,0.75
room_graph_bottleneck,bottleneck,high,sparse_aliased,persistent,temporal_full,3117,hybrid_vector_history_h8,104,111,48,1.0,0.8541666666666666,0.8541666666666666
room_graph_bottleneck,bottleneck,high,sparse_aliased,persistent,temporal_full,3117,numpy_rnn_h32,32,111,48,1.0,0.6666666666666666,0.6666666666666666
room_graph_bottleneck,bottleneck,high,sparse_aliased,persistent,temporal_full,3117,reservoir_diagonal_h32,32,111,48,1.0,0.8125,0.8125
room_graph_bottleneck,bottleneck,high,sparse_aliased,persistent,temporal_full,3117,reservoir_nilpotent_h32,32,111,48,1.0,0.7291666666666666,0.7291666666666666
room_graph_bottleneck,bottleneck,high,sparse_aliased,persistent,temporal_full,3117,lin_block_r3_l16,216,111,48,1.0,0.7291666666666666,0.7291666666666666
room_graph_bottleneck,bottleneck,low,vector,cue_gap,temporal_cue_then_blank,4011,memoryless_linear,8,111,48,0.8958333333333334,0.625,0.5813953488372093
room_graph_bottleneck,bottleneck,low,vector,cue_gap,temporal_cue_then_blank,4011,history_h8,64,111,48,0.8958333333333334,0.6875,0.6511627906976745
room_graph_bottleneck,bottleneck,low,vector,cue_gap,temporal_cue_then_blank,4011,hybrid_vector_history_h8,72,111,48,0.8958333333333334,0.6875,0.6511627906976745
room_graph_bottleneck,bottleneck,low,vector,cue_gap,temporal_cue_then_blank,4011,numpy_rnn_h32,32,111,48,0.8958333333333334,0.625,0.5813953488372093
room_graph_bottleneck,bottleneck,low,vector,cue_gap,temporal_cue_then_blank,4011,reservoir_diagonal_h32,32,111,48,0.8958333333333334,0.7083333333333334,0.6976744186046512
room_graph_bottleneck,bottleneck,low,vector,cue_gap,temporal_cue_then_blank,4011,reservoir_nilpotent_h32,32,111,48,0.8958333333333334,0.6041666666666666,0.5813953488372093
room_graph_bottleneck,bottleneck,low,vector,cue_gap,temporal_cue_then_blank,4011,lin_block_r3_l16,144,111,48,0.8958333333333334,0.6458333333333334,0.6046511627906976
room_graph_bottleneck,bottleneck,high,sparse_aliased,cue_gap,temporal_cue_then_blank,4111,memoryless_linear,12,111,48,0.8958333333333334,0.625,0.5813953488372093
room_graph_bottleneck,bottleneck,high,sparse_aliased,cue_gap,temporal_cue_then_blank,4111,history_h8,96,111,48,0.8958333333333334,0.6875,0.6511627906976745
room_graph_bottleneck,bottleneck,high,sparse_aliased,cue_gap,temporal_cue_then_blank,4111,hybrid_vector_history_h8,104,111,48,0.8958333333333334,0.6875,0.6511627906976745
room_graph_bottleneck,bottleneck,high,sparse_aliased,cue_gap,temporal_cue_then_blank,4111,numpy_rnn_h32,32,111,48,0.8958333333333334,0.625,0.5813953488372093
room_graph_bottleneck,bottleneck,high,sparse_aliased,cue_gap,temporal_cue_then_blank,4111,reservoir_diagonal_h32,32,111,48,0.8958333333333334,0.7291666666666666,0.6976744186046512
room_graph_bottleneck,bottleneck,high,sparse_aliased,cue_gap,temporal_cue_then_blank,4111,reservoir_nilpotent_h32,32,111,48,0.8958333333333334,0.5833333333333334,0.5348837209302325
room_graph_bottleneck,bottleneck,high,sparse_aliased,cue_gap,temporal_cue_then_blank,4111,lin_block_r3_l16,216,111,48,0.8958333333333334,0.6666666666666666,0.627906976744186
room_graph_bottleneck,bottleneck,low,vector,cue_gap,temporal_cue_then_blank,4017,memoryless_linear,8,111,48,0.8958333333333334,0.6875,0.6511627906976745
room_graph_bottleneck,bottleneck,low,vector,cue_gap,temporal_cue_then_blank,4017,history_h8,64,111,48,0.8958333333333334,0.6041666666666666,0.5581395348837209
room_graph_bottleneck,bottleneck,low,vector,cue_gap,temporal_cue_then_blank,4017,hybrid_vector_history_h8,72,111,48,0.8958333333333334,0.8125,0.7906976744186046
room_graph_bottleneck,bottleneck,low,vector,cue_gap,temporal_cue_then_blank,4017,numpy_rnn_h32,32,111,48,0.8958333333333334,0.6875,0.6511627906976745
room_graph_bottleneck,bottleneck,low,vector,cue_gap,temporal_cue_then_blank,4017,reservoir_diagonal_h32,32,111,48,0.8958333333333334,0.7083333333333334,0.6744186046511628
room_graph_bottleneck,bottleneck,low,vector,cue_gap,temporal_cue_then_blank,4017,reservoir_nilpotent_h32,32,111,48,0.8958333333333334,0.5416666666666666,0.4883720930232558
room_graph_bottleneck,bottleneck,low,vector,cue_gap,temporal_cue_then_blank,4017,lin_block_r3_l16,144,111,48,0.8958333333333334,0.5208333333333334,0.46511627906976744
room_graph_bottleneck,bottleneck,high,sparse_aliased,cue_gap,temporal_cue_then_blank,4117,memoryless_linear,12,111,48,0.8958333333333334,0.6875,0.6511627906976745
room_graph_bottleneck,bottleneck,high,sparse_aliased,cue_gap,temporal_cue_then_blank,4117,history_h8,96,111,48,0.8958333333333334,0.6041666666666666,0.5581395348837209
room_graph_bottleneck,bottleneck,high,sparse_aliased,cue_gap,temporal_cue_then_blank,4117,hybrid_vector_history_h8,104,111,48,0.8958333333333334,0.7916666666666666,0.7674418604651163
room_graph_bottleneck,bottleneck,high,sparse_aliased,cue_gap,temporal_cue_then_blank,4117,numpy_rnn_h32,32,111,48,0.8958333333333334,0.6875,0.6511627906976745
room_graph_bottleneck,bottleneck,high,sparse_aliased,cue_gap,temporal_cue_then_blank,4117,reservoir_diagonal_h32,32,111,48,0.8958333333333334,0.7083333333333334,0.6744186046511628
room_graph_bottleneck,bottleneck,high,sparse_aliased,cue_gap,temporal_cue_then_blank,4117,reservoir_nilpotent_h32,32,111,48,0.8958333333333334,0.5625,0.5116279069767442
room_graph_bottleneck,bottleneck,high,sparse_aliased,cue_gap,temporal_cue_then_blank,4117,lin_block_r3_l16,216,111,48,0.8958333333333334,0.5208333333333334,0.46511627906976744
room_graph_tree_like,tree_like,low,vector,persistent,temporal_full,3011,memoryless_linear,8,130,56,0.16071428571428573,0.5535714285714286,0.5555555555555556
room_graph_tree_like,tree_like,low,vector,persistent,temporal_full,3011,history_h8,64,130,56,0.16071428571428573,0.625,0.3333333333333333
room_graph_tree_like,tree_like,low,vector,persistent,temporal_full,3011,hybrid_vector_history_h8,72,130,56,0.16071428571428573,0.625,0.3333333333333333
room_graph_tree_like,tree_like,low,vector,persistent,temporal_full,3011,numpy_rnn_h32,32,130,56,0.16071428571428573,0.5178571428571429,0.3333333333333333
room_graph_tree_like,tree_like,low,vector,persistent,temporal_full,3011,reservoir_diagonal_h32,32,130,56,0.16071428571428573,0.5535714285714286,0.2222222222222222
room_graph_tree_like,tree_like,low,vector,persistent,temporal_full,3011,reservoir_nilpotent_h32,32,130,56,0.16071428571428573,0.5178571428571429,0.1111111111111111
room_graph_tree_like,tree_like,low,vector,persistent,temporal_full,3011,lin_block_r3_l16,144,130,56,0.16071428571428573,0.5892857142857143,0.3333333333333333
room_graph_tree_like,tree_like,high,sparse_aliased,persistent,temporal_full,3111,memoryless_linear,12,130,56,1.0,0.4107142857142857,0.4107142857142857
room_graph_tree_like,tree_like,high,sparse_aliased,persistent,temporal_full,3111,history_h8,96,130,56,1.0,0.7142857142857143,0.7142857142857143
room_graph_tree_like,tree_like,high,sparse_aliased,persistent,temporal_full,3111,hybrid_vector_history_h8,104,130,56,1.0,0.7321428571428571,0.7321428571428571
room_graph_tree_like,tree_like,high,sparse_aliased,persistent,temporal_full,3111,numpy_rnn_h32,32,130,56,1.0,0.5178571428571429,0.5178571428571429
room_graph_tree_like,tree_like,high,sparse_aliased,persistent,temporal_full,3111,reservoir_diagonal_h32,32,130,56,1.0,0.7857142857142857,0.7857142857142857
room_graph_tree_like,tree_like,high,sparse_aliased,persistent,temporal_full,3111,reservoir_nilpotent_h32,32,130,56,1.0,0.6607142857142857,0.6607142857142857
room_graph_tree_like,tree_like,high,sparse_aliased,persistent,temporal_full,3111,lin_block_r3_l16,216,130,56,1.0,0.6964285714285714,0.6964285714285714
room_graph_tree_like,tree_like,low,vector,persistent,temporal_full,3017,memoryless_linear,8,130,56,0.16071428571428573,0.6607142857142857,0.3333333333333333
room_graph_tree_like,tree_like,low,vector,persistent,temporal_full,3017,history_h8,64,130,56,0.16071428571428573,0.6071428571428571,0.2222222222222222
room_graph_tree_like,tree_like,low,vector,persistent,temporal_full,3017,hybrid_vector_history_h8,72,130,56,0.16071428571428573,0.6071428571428571,0.2222222222222222
room_graph_tree_like,tree_like,low,vector,persistent,temporal_full,3017,numpy_rnn_h32,32,130,56,0.16071428571428573,0.6964285714285714,0.3333333333333333
room_graph_tree_like,tree_like,low,vector,persistent,temporal_full,3017,reservoir_diagonal_h32,32,130,56,0.16071428571428573,0.6785714285714286,0.3333333333333333
room_graph_tree_like,tree_like,low,vector,persistent,temporal_full,3017,reservoir_nilpotent_h32,32,130,56,0.16071428571428573,0.6428571428571429,0.2222222222222222
room_graph_tree_like,tree_like,low,vector,persistent,temporal_full,3017,lin_block_r3_l16,144,130,56,0.16071428571428573,0.6785714285714286,0.3333333333333333
room_graph_tree_like,tree_like,high,sparse_aliased,persistent,temporal_full,3117,memoryless_linear,12,130,56,1.0,0.44642857142857145,0.44642857142857145
room_graph_tree_like,tree_like,high,sparse_aliased,persistent,temporal_full,3117,history_h8,96,130,56,1.0,0.7321428571428571,0.7321428571428571
room_graph_tree_like,tree_like,high,sparse_aliased,persistent,temporal_full,3117,hybrid_vector_history_h8,104,130,56,1.0,0.8214285714285714,0.8214285714285714
room_graph_tree_like,tree_like,high,sparse_aliased,persistent,temporal_full,3117,numpy_rnn_h32,32,130,56,1.0,0.5535714285714286,0.5535714285714286
room_graph_tree_like,tree_like,high,sparse_aliased,persistent,temporal_full,3117,reservoir_diagonal_h32,32,130,56,1.0,0.8392857142857143,0.8392857142857143
room_graph_tree_like,tree_like,high,sparse_aliased,persistent,temporal_full,3117,reservoir_nilpotent_h32,32,130,56,1.0,0.6607142857142857,0.6607142857142857
room_graph_tree_like,tree_like,high,sparse_aliased,persistent,temporal_full,3117,lin_block_r3_l16,216,130,56,1.0,0.7321428571428571,0.7321428571428571
room_graph_tree_like,tree_like,low,vector,cue_gap,temporal_cue_then_blank,4011,memoryless_linear,8,130,56,0.9285714285714286,0.32142857142857145,0.3076923076923077
room_graph_tree_like,tree_like,low,vector,cue_gap,temporal_cue_then_blank,4011,history_h8,64,130,56,0.9285714285714286,0.4107142857142857,0.38461538461538464
room_graph_tree_like,tree_like,low,vector,cue_gap,temporal_cue_then_blank,4011,hybrid_vector_history_h8,72,130,56,0.9285714285714286,0.5178571428571429,0.5
room_graph_tree_like,tree_like,low,vector,cue_gap,temporal_cue_then_blank,4011,numpy_rnn_h32,32,130,56,0.9285714285714286,0.4642857142857143,0.4423076923076923
room_graph_tree_like,tree_like,low,vector,cue_gap,temporal_cue_then_blank,4011,reservoir_diagonal_h32,32,130,56,0.9285714285714286,0.39285714285714285,0.38461538461538464
room_graph_tree_like,tree_like,low,vector,cue_gap,temporal_cue_then_blank,4011,reservoir_nilpotent_h32,32,130,56,0.9285714285714286,0.39285714285714285,0.36538461538461536
room_graph_tree_like,tree_like,low,vector,cue_gap,temporal_cue_then_blank,4011,lin_block_r3_l16,144,130,56,0.9285714285714286,0.39285714285714285,0.36538461538461536
room_graph_tree_like,tree_like,high,sparse_aliased,cue_gap,temporal_cue_then_blank,4111,memoryless_linear,12,130,56,0.9285714285714286,0.32142857142857145,0.3076923076923077
room_graph_tree_like,tree_like,high,sparse_aliased,cue_gap,temporal_cue_then_blank,4111,history_h8,96,130,56,0.9285714285714286,0.39285714285714285,0.34615384615384615
room_graph_tree_like,tree_like,high,sparse_aliased,cue_gap,temporal_cue_then_blank,4111,hybrid_vector_history_h8,104,130,56,0.9285714285714286,0.5535714285714286,0.5192307692307693
room_graph_tree_like,tree_like,high,sparse_aliased,cue_gap,temporal_cue_then_blank,4111,numpy_rnn_h32,32,130,56,0.9285714285714286,0.2857142857142857,0.28846153846153844
room_graph_tree_like,tree_like,high,sparse_aliased,cue_gap,temporal_cue_then_blank,4111,reservoir_diagonal_h32,32,130,56,0.9285714285714286,0.44642857142857145,0.4230769230769231
room_graph_tree_like,tree_like,high,sparse_aliased,cue_gap,temporal_cue_then_blank,4111,reservoir_nilpotent_h32,32,130,56,0.9285714285714286,0.30357142857142855,0.2692307692307692
room_graph_tree_like,tree_like,high,sparse_aliased,cue_gap,temporal_cue_then_blank,4111,lin_block_r3_l16,216,130,56,0.9285714285714286,0.39285714285714285,0.34615384615384615
room_graph_tree_like,tree_like,low,vector,cue_gap,temporal_cue_then_blank,4017,memoryless_linear,8,130,56,0.9107142857142857,0.39285714285714285,0.35294117647058826
room_graph_tree_like,tree_like,low,vector,cue_gap,temporal_cue_then_blank,4017,history_h8,64,130,56,0.9107142857142857,0.35714285714285715,0.29411764705882354
room_graph_tree_like,tree_like,low,vector,cue_gap,temporal_cue_then_blank,4017,hybrid_vector_history_h8,72,130,56,0.9107142857142857,0.6071428571428571,0.5686274509803921
room_graph_tree_like,tree_like,low,vector,cue_gap,temporal_cue_then_blank,4017,numpy_rnn_h32,32,130,56,0.9107142857142857,0.4107142857142857,0.37254901960784315
room_graph_tree_like,tree_like,low,vector,cue_gap,temporal_cue_then_blank,4017,reservoir_diagonal_h32,32,130,56,0.9107142857142857,0.375,0.3333333333333333
room_graph_tree_like,tree_like,low,vector,cue_gap,temporal_cue_then_blank,4017,reservoir_nilpotent_h32,32,130,56,0.9107142857142857,0.35714285714285715,0.3137254901960784
room_graph_tree_like,tree_like,low,vector,cue_gap,temporal_cue_then_blank,4017,lin_block_r3_l16,144,130,56,0.9107142857142857,0.3392857142857143,0.29411764705882354
room_graph_tree_like,tree_like,high,sparse_aliased,cue_gap,temporal_cue_then_blank,4117,memoryless_linear,12,130,56,0.9107142857142857,0.3392857142857143,0.35294117647058826
room_graph_tree_like,tree_like,high,sparse_aliased,cue_gap,temporal_cue_then_blank,4117,history_h8,96,130,56,0.9107142857142857,0.35714285714285715,0.29411764705882354
room_graph_tree_like,tree_like,high,sparse_aliased,cue_gap,temporal_cue_then_blank,4117,hybrid_vector_history_h8,104,130,56,0.9107142857142857,0.6071428571428571,0.5686274509803921
room_graph_tree_like,tree_like,high,sparse_aliased,cue_gap,temporal_cue_then_blank,4117,numpy_rnn_h32,32,130,56,0.9107142857142857,0.3392857142857143,0.35294117647058826
room_graph_tree_like,tree_like,high,sparse_aliased,cue_gap,temporal_cue_then_blank,4117,reservoir_diagonal_h32,32,130,56,0.9107142857142857,0.42857142857142855,0.43137254901960786
room_graph_tree_like,tree_like,high,sparse_aliased,cue_gap,temporal_cue_then_blank,4117,reservoir_nilpotent_h32,32,130,56,0.9107142857142857,0.32142857142857145,0.3137254901960784
room_graph_tree_like,tree_like,high,sparse_aliased,cue_gap,temporal_cue_then_blank,4117,lin_block_r3_l16,216,130,56,0.9107142857142857,0.32142857142857145,0.2549019607843137
