environment,action_count,depth,relation_density,relation_id,effective_commutativity,model,architecture,history_len,memory_cost,optimal_action_accuracy,selected_at_095,selected_memory_cost,selected_model
trace_k3_d4_rho000_r0,3,4,0.0,0,0.0,memoryless_counts,vector_counts,0,3,0.6229166666666667,False,5,hybrid_counts_depth_last_h1
trace_k3_d4_rho000_r0,3,4,0.0,0,0.0,history_counts_h1,sequence_counts_history,1,3,0.6229166666666667,False,5,hybrid_counts_depth_last_h1
trace_k3_d4_rho000_r0,3,4,0.0,0,0.0,hybrid_counts_depth_last_h1,hybrid_vector_route_history,1,5,0.9979166666666667,True,5,hybrid_counts_depth_last_h1
trace_k3_d4_rho000_r0,3,4,0.0,0,0.0,history_counts_h2,sequence_counts_history,2,6,0.9979166666666667,False,5,hybrid_counts_depth_last_h1
trace_k3_d4_rho000_r0,3,4,0.0,0,0.0,hybrid_counts_depth_last_h2,hybrid_vector_route_history,2,7,1.0,False,5,hybrid_counts_depth_last_h1
trace_k3_d4_rho000_r0,3,4,0.0,0,0.0,history_counts_h4,sequence_counts_history,4,12,1.0,False,5,hybrid_counts_depth_last_h1
trace_k3_d4_rho000_r0,3,4,0.0,0,0.0,hybrid_counts_depth_last_h4,hybrid_vector_route_history,4,11,1.0,False,5,hybrid_counts_depth_last_h1
trace_k3_d4_rho000_r0,3,4,0.0,0,0.0,history_counts_h8,sequence_counts_history,8,24,1.0,False,5,hybrid_counts_depth_last_h1
trace_k3_d4_rho000_r0,3,4,0.0,0,0.0,hybrid_counts_depth_last_h8,hybrid_vector_route_history,8,19,1.0,False,5,hybrid_counts_depth_last_h1
trace_k3_d4_rho033_r0,3,4,0.3333333333333333,0,0.3001531393568147,memoryless_counts,vector_counts,0,3,0.6724137931034483,False,7,hybrid_counts_depth_last_h2
trace_k3_d4_rho033_r0,3,4,0.3333333333333333,0,0.3001531393568147,history_counts_h1,sequence_counts_history,1,3,0.6724137931034483,False,7,hybrid_counts_depth_last_h2
trace_k3_d4_rho033_r0,3,4,0.3333333333333333,0,0.3001531393568147,hybrid_counts_depth_last_h1,hybrid_vector_route_history,1,5,0.9482758620689655,False,7,hybrid_counts_depth_last_h2
trace_k3_d4_rho033_r0,3,4,0.3333333333333333,0,0.3001531393568147,history_counts_h2,sequence_counts_history,2,6,0.9482758620689655,False,7,hybrid_counts_depth_last_h2
trace_k3_d4_rho033_r0,3,4,0.3333333333333333,0,0.3001531393568147,hybrid_counts_depth_last_h2,hybrid_vector_route_history,2,7,0.9885057471264368,True,7,hybrid_counts_depth_last_h2
trace_k3_d4_rho033_r0,3,4,0.3333333333333333,0,0.3001531393568147,history_counts_h4,sequence_counts_history,4,12,1.0,False,7,hybrid_counts_depth_last_h2
trace_k3_d4_rho033_r0,3,4,0.3333333333333333,0,0.3001531393568147,hybrid_counts_depth_last_h4,hybrid_vector_route_history,4,11,1.0,False,7,hybrid_counts_depth_last_h2
trace_k3_d4_rho033_r0,3,4,0.3333333333333333,0,0.3001531393568147,history_counts_h8,sequence_counts_history,8,24,1.0,False,7,hybrid_counts_depth_last_h2
trace_k3_d4_rho033_r0,3,4,0.3333333333333333,0,0.3001531393568147,hybrid_counts_depth_last_h8,hybrid_vector_route_history,8,19,1.0,False,7,hybrid_counts_depth_last_h2
trace_k3_d4_rho033_r1,3,4,0.3333333333333333,1,0.21962616822429906,memoryless_counts,vector_counts,0,3,0.6810344827586207,False,5,hybrid_counts_depth_last_h1
trace_k3_d4_rho033_r1,3,4,0.3333333333333333,1,0.21962616822429906,history_counts_h1,sequence_counts_history,1,3,0.6810344827586207,False,5,hybrid_counts_depth_last_h1
trace_k3_d4_rho033_r1,3,4,0.3333333333333333,1,0.21962616822429906,hybrid_counts_depth_last_h1,hybrid_vector_route_history,1,5,0.9597701149425287,True,5,hybrid_counts_depth_last_h1
trace_k3_d4_rho033_r1,3,4,0.3333333333333333,1,0.21962616822429906,history_counts_h2,sequence_counts_history,2,6,0.9597701149425287,False,5,hybrid_counts_depth_last_h1
trace_k3_d4_rho033_r1,3,4,0.3333333333333333,1,0.21962616822429906,hybrid_counts_depth_last_h2,hybrid_vector_route_history,2,7,0.9913793103448276,False,5,hybrid_counts_depth_last_h1
trace_k3_d4_rho033_r1,3,4,0.3333333333333333,1,0.21962616822429906,history_counts_h4,sequence_counts_history,4,12,1.0,False,5,hybrid_counts_depth_last_h1
trace_k3_d4_rho033_r1,3,4,0.3333333333333333,1,0.21962616822429906,hybrid_counts_depth_last_h4,hybrid_vector_route_history,4,11,1.0,False,5,hybrid_counts_depth_last_h1
trace_k3_d4_rho033_r1,3,4,0.3333333333333333,1,0.21962616822429906,history_counts_h8,sequence_counts_history,8,24,1.0,False,5,hybrid_counts_depth_last_h1
trace_k3_d4_rho033_r1,3,4,0.3333333333333333,1,0.21962616822429906,hybrid_counts_depth_last_h8,hybrid_vector_route_history,8,19,1.0,False,5,hybrid_counts_depth_last_h1
trace_k3_d4_rho033_r2,3,4,0.3333333333333333,2,0.2601880877742947,memoryless_counts,vector_counts,0,3,0.6695402298850575,False,7,hybrid_counts_depth_last_h2
trace_k3_d4_rho033_r2,3,4,0.3333333333333333,2,0.2601880877742947,history_counts_h1,sequence_counts_history,1,3,0.6695402298850575,False,7,hybrid_counts_depth_last_h2
trace_k3_d4_rho033_r2,3,4,0.3333333333333333,2,0.2601880877742947,hybrid_counts_depth_last_h1,hybrid_vector_route_history,1,5,0.9482758620689655,False,7,hybrid_counts_depth_last_h2
trace_k3_d4_rho033_r2,3,4,0.3333333333333333,2,0.2601880877742947,history_counts_h2,sequence_counts_history,2,6,0.9482758620689655,False,7,hybrid_counts_depth_last_h2
trace_k3_d4_rho033_r2,3,4,0.3333333333333333,2,0.2601880877742947,hybrid_counts_depth_last_h2,hybrid_vector_route_history,2,7,0.9885057471264368,True,7,hybrid_counts_depth_last_h2
trace_k3_d4_rho033_r2,3,4,0.3333333333333333,2,0.2601880877742947,history_counts_h4,sequence_counts_history,4,12,1.0,False,7,hybrid_counts_depth_last_h2
trace_k3_d4_rho033_r2,3,4,0.3333333333333333,2,0.2601880877742947,hybrid_counts_depth_last_h4,hybrid_vector_route_history,4,11,1.0,False,7,hybrid_counts_depth_last_h2
trace_k3_d4_rho033_r2,3,4,0.3333333333333333,2,0.2601880877742947,history_counts_h8,sequence_counts_history,8,24,1.0,False,7,hybrid_counts_depth_last_h2
trace_k3_d4_rho033_r2,3,4,0.3333333333333333,2,0.2601880877742947,hybrid_counts_depth_last_h8,hybrid_vector_route_history,8,19,1.0,False,7,hybrid_counts_depth_last_h2
trace_k3_d4_rho067_r0,3,4,0.6666666666666666,0,0.5145482388973966,memoryless_counts,vector_counts,0,3,0.8616071428571429,False,5,hybrid_counts_depth_last_h1
trace_k3_d4_rho067_r0,3,4,0.6666666666666666,0,0.5145482388973966,history_counts_h1,sequence_counts_history,1,3,0.8616071428571429,False,5,hybrid_counts_depth_last_h1
trace_k3_d4_rho067_r0,3,4,0.6666666666666666,0,0.5145482388973966,hybrid_counts_depth_last_h1,hybrid_vector_route_history,1,5,0.9955357142857143,True,5,hybrid_counts_depth_last_h1
trace_k3_d4_rho067_r0,3,4,0.6666666666666666,0,0.5145482388973966,history_counts_h2,sequence_counts_history,2,6,0.9955357142857143,False,5,hybrid_counts_depth_last_h1
trace_k3_d4_rho067_r0,3,4,0.6666666666666666,0,0.5145482388973966,hybrid_counts_depth_last_h2,hybrid_vector_route_history,2,7,1.0,False,5,hybrid_counts_depth_last_h1
trace_k3_d4_rho067_r0,3,4,0.6666666666666666,0,0.5145482388973966,history_counts_h4,sequence_counts_history,4,12,1.0,False,5,hybrid_counts_depth_last_h1
trace_k3_d4_rho067_r0,3,4,0.6666666666666666,0,0.5145482388973966,hybrid_counts_depth_last_h4,hybrid_vector_route_history,4,11,1.0,False,5,hybrid_counts_depth_last_h1
trace_k3_d4_rho067_r0,3,4,0.6666666666666666,0,0.5145482388973966,history_counts_h8,sequence_counts_history,8,24,1.0,False,5,hybrid_counts_depth_last_h1
trace_k3_d4_rho067_r0,3,4,0.6666666666666666,0,0.5145482388973966,hybrid_counts_depth_last_h8,hybrid_vector_route_history,8,19,1.0,False,5,hybrid_counts_depth_last_h1
trace_k3_d4_rho067_r1,3,4,0.6666666666666666,1,0.5218068535825545,memoryless_counts,vector_counts,0,3,0.753968253968254,False,5,hybrid_counts_depth_last_h1
trace_k3_d4_rho067_r1,3,4,0.6666666666666666,1,0.5218068535825545,history_counts_h1,sequence_counts_history,1,3,0.753968253968254,False,5,hybrid_counts_depth_last_h1
trace_k3_d4_rho067_r1,3,4,0.6666666666666666,1,0.5218068535825545,hybrid_counts_depth_last_h1,hybrid_vector_route_history,1,5,0.9642857142857143,True,5,hybrid_counts_depth_last_h1
trace_k3_d4_rho067_r1,3,4,0.6666666666666666,1,0.5218068535825545,history_counts_h2,sequence_counts_history,2,6,0.9642857142857143,False,5,hybrid_counts_depth_last_h1
trace_k3_d4_rho067_r1,3,4,0.6666666666666666,1,0.5218068535825545,hybrid_counts_depth_last_h2,hybrid_vector_route_history,2,7,0.9841269841269841,False,5,hybrid_counts_depth_last_h1
trace_k3_d4_rho067_r1,3,4,0.6666666666666666,1,0.5218068535825545,history_counts_h4,sequence_counts_history,4,12,1.0,False,5,hybrid_counts_depth_last_h1
trace_k3_d4_rho067_r1,3,4,0.6666666666666666,1,0.5218068535825545,hybrid_counts_depth_last_h4,hybrid_vector_route_history,4,11,1.0,False,5,hybrid_counts_depth_last_h1
trace_k3_d4_rho067_r1,3,4,0.6666666666666666,1,0.5218068535825545,history_counts_h8,sequence_counts_history,8,24,1.0,False,5,hybrid_counts_depth_last_h1
trace_k3_d4_rho067_r1,3,4,0.6666666666666666,1,0.5218068535825545,hybrid_counts_depth_last_h8,hybrid_vector_route_history,8,19,1.0,False,5,hybrid_counts_depth_last_h1
trace_k3_d4_rho067_r2,3,4,0.6666666666666666,2,0.5752351097178683,memoryless_counts,vector_counts,0,3,0.8080357142857143,False,7,hybrid_counts_depth_last_h2
trace_k3_d4_rho067_r2,3,4,0.6666666666666666,2,0.5752351097178683,history_counts_h1,sequence_counts_history,1,3,0.8080357142857143,False,7,hybrid_counts_depth_last_h2
trace_k3_d4_rho067_r2,3,4,0.6666666666666666,2,0.5752351097178683,hybrid_counts_depth_last_h1,hybrid_vector_route_history,1,5,0.9241071428571429,False,7,hybrid_counts_depth_last_h2
trace_k3_d4_rho067_r2,3,4,0.6666666666666666,2,0.5752351097178683,history_counts_h2,sequence_counts_history,2,6,0.9241071428571429,False,7,hybrid_counts_depth_last_h2
trace_k3_d4_rho067_r2,3,4,0.6666666666666666,2,0.5752351097178683,hybrid_counts_depth_last_h2,hybrid_vector_route_history,2,7,0.9776785714285714,True,7,hybrid_counts_depth_last_h2
trace_k3_d4_rho067_r2,3,4,0.6666666666666666,2,0.5752351097178683,history_counts_h4,sequence_counts_history,4,12,1.0,False,7,hybrid_counts_depth_last_h2
trace_k3_d4_rho067_r2,3,4,0.6666666666666666,2,0.5752351097178683,hybrid_counts_depth_last_h4,hybrid_vector_route_history,4,11,1.0,False,7,hybrid_counts_depth_last_h2
trace_k3_d4_rho067_r2,3,4,0.6666666666666666,2,0.5752351097178683,history_counts_h8,sequence_counts_history,8,24,1.0,False,7,hybrid_counts_depth_last_h2
trace_k3_d4_rho067_r2,3,4,0.6666666666666666,2,0.5752351097178683,hybrid_counts_depth_last_h8,hybrid_vector_route_history,8,19,1.0,False,7,hybrid_counts_depth_last_h2
trace_k3_d4_rho100_r0,3,4,1.0,0,1.0,memoryless_counts,vector_counts,0,3,1.0,True,3,memoryless_counts
trace_k3_d4_rho100_r0,3,4,1.0,0,1.0,history_counts_h1,sequence_counts_history,1,3,1.0,False,3,memoryless_counts
trace_k3_d4_rho100_r0,3,4,1.0,0,1.0,hybrid_counts_depth_last_h1,hybrid_vector_route_history,1,5,1.0,False,3,memoryless_counts
trace_k3_d4_rho100_r0,3,4,1.0,0,1.0,history_counts_h2,sequence_counts_history,2,6,1.0,False,3,memoryless_counts
trace_k3_d4_rho100_r0,3,4,1.0,0,1.0,hybrid_counts_depth_last_h2,hybrid_vector_route_history,2,7,1.0,False,3,memoryless_counts
trace_k3_d4_rho100_r0,3,4,1.0,0,1.0,history_counts_h4,sequence_counts_history,4,12,1.0,False,3,memoryless_counts
trace_k3_d4_rho100_r0,3,4,1.0,0,1.0,hybrid_counts_depth_last_h4,hybrid_vector_route_history,4,11,1.0,False,3,memoryless_counts
trace_k3_d4_rho100_r0,3,4,1.0,0,1.0,history_counts_h8,sequence_counts_history,8,24,1.0,False,3,memoryless_counts
trace_k3_d4_rho100_r0,3,4,1.0,0,1.0,hybrid_counts_depth_last_h8,hybrid_vector_route_history,8,19,1.0,False,3,memoryless_counts
trace_k3_d6_rho000_r0,3,6,0.0,0,0.0,memoryless_counts,vector_counts,0,3,0.5508241758241759,False,5,hybrid_counts_depth_last_h1
trace_k3_d6_rho000_r0,3,6,0.0,0,0.0,history_counts_h1,sequence_counts_history,1,3,0.5508241758241759,False,5,hybrid_counts_depth_last_h1
trace_k3_d6_rho000_r0,3,6,0.0,0,0.0,hybrid_counts_depth_last_h1,hybrid_vector_route_history,1,5,0.9977106227106227,True,5,hybrid_counts_depth_last_h1
trace_k3_d6_rho000_r0,3,6,0.0,0,0.0,history_counts_h2,sequence_counts_history,2,6,0.9977106227106227,False,5,hybrid_counts_depth_last_h1
trace_k3_d6_rho000_r0,3,6,0.0,0,0.0,hybrid_counts_depth_last_h2,hybrid_vector_route_history,2,7,0.9986263736263736,False,5,hybrid_counts_depth_last_h1
trace_k3_d6_rho000_r0,3,6,0.0,0,0.0,history_counts_h4,sequence_counts_history,4,12,0.9993131868131868,False,5,hybrid_counts_depth_last_h1
trace_k3_d6_rho000_r0,3,6,0.0,0,0.0,hybrid_counts_depth_last_h4,hybrid_vector_route_history,4,11,1.0,False,5,hybrid_counts_depth_last_h1
trace_k3_d6_rho000_r0,3,6,0.0,0,0.0,history_counts_h8,sequence_counts_history,8,24,1.0,False,5,hybrid_counts_depth_last_h1
trace_k3_d6_rho000_r0,3,6,0.0,0,0.0,hybrid_counts_depth_last_h8,hybrid_vector_route_history,8,19,1.0,False,5,hybrid_counts_depth_last_h1
trace_k3_d6_rho033_r0,3,6,0.3333333333333333,0,0.23824451410658307,memoryless_counts,vector_counts,0,3,0.6064967105263158,False,7,hybrid_counts_depth_last_h2
trace_k3_d6_rho033_r0,3,6,0.3333333333333333,0,0.23824451410658307,history_counts_h1,sequence_counts_history,1,3,0.6064967105263158,False,7,hybrid_counts_depth_last_h2
trace_k3_d6_rho033_r0,3,6,0.3333333333333333,0,0.23824451410658307,hybrid_counts_depth_last_h1,hybrid_vector_route_history,1,5,0.9391447368421053,False,7,hybrid_counts_depth_last_h2
trace_k3_d6_rho033_r0,3,6,0.3333333333333333,0,0.23824451410658307,history_counts_h2,sequence_counts_history,2,6,0.9391447368421053,False,7,hybrid_counts_depth_last_h2
trace_k3_d6_rho033_r0,3,6,0.3333333333333333,0,0.23824451410658307,hybrid_counts_depth_last_h2,hybrid_vector_route_history,2,7,0.9761513157894737,True,7,hybrid_counts_depth_last_h2
trace_k3_d6_rho033_r0,3,6,0.3333333333333333,0,0.23824451410658307,history_counts_h4,sequence_counts_history,4,12,0.9913651315789473,False,7,hybrid_counts_depth_last_h2
trace_k3_d6_rho033_r0,3,6,0.3333333333333333,0,0.23824451410658307,hybrid_counts_depth_last_h4,hybrid_vector_route_history,4,11,0.9983552631578947,False,7,hybrid_counts_depth_last_h2
trace_k3_d6_rho033_r0,3,6,0.3333333333333333,0,0.23824451410658307,history_counts_h8,sequence_counts_history,8,24,1.0,False,7,hybrid_counts_depth_last_h2
trace_k3_d6_rho033_r0,3,6,0.3333333333333333,0,0.23824451410658307,hybrid_counts_depth_last_h8,hybrid_vector_route_history,8,19,1.0,False,7,hybrid_counts_depth_last_h2
trace_k3_d6_rho033_r1,3,6,0.3333333333333333,1,0.26127527216174184,memoryless_counts,vector_counts,0,3,0.609375,False,7,hybrid_counts_depth_last_h2
trace_k3_d6_rho033_r1,3,6,0.3333333333333333,1,0.26127527216174184,history_counts_h1,sequence_counts_history,1,3,0.609375,False,7,hybrid_counts_depth_last_h2
trace_k3_d6_rho033_r1,3,6,0.3333333333333333,1,0.26127527216174184,hybrid_counts_depth_last_h1,hybrid_vector_route_history,1,5,0.9453125,False,7,hybrid_counts_depth_last_h2
trace_k3_d6_rho033_r1,3,6,0.3333333333333333,1,0.26127527216174184,history_counts_h2,sequence_counts_history,2,6,0.9453125,False,7,hybrid_counts_depth_last_h2
trace_k3_d6_rho033_r1,3,6,0.3333333333333333,1,0.26127527216174184,hybrid_counts_depth_last_h2,hybrid_vector_route_history,2,7,0.9769736842105263,True,7,hybrid_counts_depth_last_h2
trace_k3_d6_rho033_r1,3,6,0.3333333333333333,1,0.26127527216174184,history_counts_h4,sequence_counts_history,4,12,0.990953947368421,False,7,hybrid_counts_depth_last_h2
trace_k3_d6_rho033_r1,3,6,0.3333333333333333,1,0.26127527216174184,hybrid_counts_depth_last_h4,hybrid_vector_route_history,4,11,0.9975328947368421,False,7,hybrid_counts_depth_last_h2
trace_k3_d6_rho033_r1,3,6,0.3333333333333333,1,0.26127527216174184,history_counts_h8,sequence_counts_history,8,24,1.0,False,7,hybrid_counts_depth_last_h2
trace_k3_d6_rho033_r1,3,6,0.3333333333333333,1,0.26127527216174184,hybrid_counts_depth_last_h8,hybrid_vector_route_history,8,19,1.0,False,7,hybrid_counts_depth_last_h2
trace_k3_d6_rho033_r2,3,6,0.3333333333333333,2,0.2630744849445325,memoryless_counts,vector_counts,0,3,0.6077302631578947,False,7,hybrid_counts_depth_last_h2
trace_k3_d6_rho033_r2,3,6,0.3333333333333333,2,0.2630744849445325,history_counts_h1,sequence_counts_history,1,3,0.6077302631578947,False,7,hybrid_counts_depth_last_h2
trace_k3_d6_rho033_r2,3,6,0.3333333333333333,2,0.2630744849445325,hybrid_counts_depth_last_h1,hybrid_vector_route_history,1,5,0.9346217105263158,False,7,hybrid_counts_depth_last_h2
trace_k3_d6_rho033_r2,3,6,0.3333333333333333,2,0.2630744849445325,history_counts_h2,sequence_counts_history,2,6,0.9346217105263158,False,7,hybrid_counts_depth_last_h2
trace_k3_d6_rho033_r2,3,6,0.3333333333333333,2,0.2630744849445325,hybrid_counts_depth_last_h2,hybrid_vector_route_history,2,7,0.9740953947368421,True,7,hybrid_counts_depth_last_h2
trace_k3_d6_rho033_r2,3,6,0.3333333333333333,2,0.2630744849445325,history_counts_h4,sequence_counts_history,4,12,0.9901315789473685,False,7,hybrid_counts_depth_last_h2
trace_k3_d6_rho033_r2,3,6,0.3333333333333333,2,0.2630744849445325,hybrid_counts_depth_last_h4,hybrid_vector_route_history,4,11,0.9979440789473685,False,7,hybrid_counts_depth_last_h2
trace_k3_d6_rho033_r2,3,6,0.3333333333333333,2,0.2630744849445325,history_counts_h8,sequence_counts_history,8,24,1.0,False,7,hybrid_counts_depth_last_h2
trace_k3_d6_rho033_r2,3,6,0.3333333333333333,2,0.2630744849445325,hybrid_counts_depth_last_h8,hybrid_vector_route_history,8,19,1.0,False,7,hybrid_counts_depth_last_h2
trace_k3_d6_rho067_r0,3,6,0.6666666666666666,0,0.5532915360501567,memoryless_counts,vector_counts,0,3,0.8292682926829268,False,5,hybrid_counts_depth_last_h1
trace_k3_d6_rho067_r0,3,6,0.6666666666666666,0,0.5532915360501567,history_counts_h1,sequence_counts_history,1,3,0.8292682926829268,False,5,hybrid_counts_depth_last_h1
trace_k3_d6_rho067_r0,3,6,0.6666666666666666,0,0.5532915360501567,hybrid_counts_depth_last_h1,hybrid_vector_route_history,1,5,0.9898373983739838,True,5,hybrid_counts_depth_last_h1
trace_k3_d6_rho067_r0,3,6,0.6666666666666666,0,0.5532915360501567,history_counts_h2,sequence_counts_history,2,6,0.9898373983739838,False,5,hybrid_counts_depth_last_h1
trace_k3_d6_rho067_r0,3,6,0.6666666666666666,0,0.5532915360501567,hybrid_counts_depth_last_h2,hybrid_vector_route_history,2,7,0.9939024390243902,False,5,hybrid_counts_depth_last_h1
trace_k3_d6_rho067_r0,3,6,0.6666666666666666,0,0.5532915360501567,history_counts_h4,sequence_counts_history,4,12,0.9979674796747967,False,5,hybrid_counts_depth_last_h1
trace_k3_d6_rho067_r0,3,6,0.6666666666666666,0,0.5532915360501567,hybrid_counts_depth_last_h4,hybrid_vector_route_history,4,11,1.0,False,5,hybrid_counts_depth_last_h1
trace_k3_d6_rho067_r0,3,6,0.6666666666666666,0,0.5532915360501567,history_counts_h8,sequence_counts_history,8,24,1.0,False,5,hybrid_counts_depth_last_h1
trace_k3_d6_rho067_r0,3,6,0.6666666666666666,0,0.5532915360501567,hybrid_counts_depth_last_h8,hybrid_vector_route_history,8,19,1.0,False,5,hybrid_counts_depth_last_h1
trace_k3_d6_rho067_r1,3,6,0.6666666666666666,1,0.4105754276827372,memoryless_counts,vector_counts,0,3,0.6482808022922636,False,11,hybrid_counts_depth_last_h4
trace_k3_d6_rho067_r1,3,6,0.6666666666666666,1,0.4105754276827372,history_counts_h1,sequence_counts_history,1,3,0.6482808022922636,False,11,hybrid_counts_depth_last_h4
trace_k3_d6_rho067_r1,3,6,0.6666666666666666,1,0.4105754276827372,hybrid_counts_depth_last_h1,hybrid_vector_route_history,1,5,0.9154727793696275,False,11,hybrid_counts_depth_last_h4
trace_k3_d6_rho067_r1,3,6,0.6666666666666666,1,0.4105754276827372,history_counts_h2,sequence_counts_history,2,6,0.9154727793696275,False,11,hybrid_counts_depth_last_h4
trace_k3_d6_rho067_r1,3,6,0.6666666666666666,1,0.4105754276827372,hybrid_counts_depth_last_h2,hybrid_vector_route_history,2,7,0.9498567335243553,False,11,hybrid_counts_depth_last_h4
trace_k3_d6_rho067_r1,3,6,0.6666666666666666,1,0.4105754276827372,history_counts_h4,sequence_counts_history,4,12,0.9863896848137536,False,11,hybrid_counts_depth_last_h4
trace_k3_d6_rho067_r1,3,6,0.6666666666666666,1,0.4105754276827372,hybrid_counts_depth_last_h4,hybrid_vector_route_history,4,11,0.997134670487106,True,11,hybrid_counts_depth_last_h4
trace_k3_d6_rho067_r1,3,6,0.6666666666666666,1,0.4105754276827372,history_counts_h8,sequence_counts_history,8,24,1.0,False,11,hybrid_counts_depth_last_h4
trace_k3_d6_rho067_r1,3,6,0.6666666666666666,1,0.4105754276827372,hybrid_counts_depth_last_h8,hybrid_vector_route_history,8,19,1.0,False,11,hybrid_counts_depth_last_h4
trace_k3_d6_rho067_r2,3,6,0.6666666666666666,2,0.5578446909667195,memoryless_counts,vector_counts,0,3,0.7052845528455285,False,11,hybrid_counts_depth_last_h4
trace_k3_d6_rho067_r2,3,6,0.6666666666666666,2,0.5578446909667195,history_counts_h1,sequence_counts_history,1,3,0.7052845528455285,False,11,hybrid_counts_depth_last_h4
trace_k3_d6_rho067_r2,3,6,0.6666666666666666,2,0.5578446909667195,hybrid_counts_depth_last_h1,hybrid_vector_route_history,1,5,0.8638211382113821,False,11,hybrid_counts_depth_last_h4
trace_k3_d6_rho067_r2,3,6,0.6666666666666666,2,0.5578446909667195,history_counts_h2,sequence_counts_history,2,6,0.8638211382113821,False,11,hybrid_counts_depth_last_h4
trace_k3_d6_rho067_r2,3,6,0.6666666666666666,2,0.5578446909667195,hybrid_counts_depth_last_h2,hybrid_vector_route_history,2,7,0.9369918699186992,False,11,hybrid_counts_depth_last_h4
trace_k3_d6_rho067_r2,3,6,0.6666666666666666,2,0.5578446909667195,history_counts_h4,sequence_counts_history,4,12,0.9735772357723578,False,11,hybrid_counts_depth_last_h4
trace_k3_d6_rho067_r2,3,6,0.6666666666666666,2,0.5578446909667195,hybrid_counts_depth_last_h4,hybrid_vector_route_history,4,11,0.9928861788617886,True,11,hybrid_counts_depth_last_h4
trace_k3_d6_rho067_r2,3,6,0.6666666666666666,2,0.5578446909667195,history_counts_h8,sequence_counts_history,8,24,1.0,False,11,hybrid_counts_depth_last_h4
trace_k3_d6_rho067_r2,3,6,0.6666666666666666,2,0.5578446909667195,hybrid_counts_depth_last_h8,hybrid_vector_route_history,8,19,1.0,False,11,hybrid_counts_depth_last_h4
trace_k3_d6_rho100_r0,3,6,1.0,0,1.0,memoryless_counts,vector_counts,0,3,1.0,True,3,memoryless_counts
trace_k3_d6_rho100_r0,3,6,1.0,0,1.0,history_counts_h1,sequence_counts_history,1,3,1.0,False,3,memoryless_counts
trace_k3_d6_rho100_r0,3,6,1.0,0,1.0,hybrid_counts_depth_last_h1,hybrid_vector_route_history,1,5,1.0,False,3,memoryless_counts
trace_k3_d6_rho100_r0,3,6,1.0,0,1.0,history_counts_h2,sequence_counts_history,2,6,1.0,False,3,memoryless_counts
trace_k3_d6_rho100_r0,3,6,1.0,0,1.0,hybrid_counts_depth_last_h2,hybrid_vector_route_history,2,7,1.0,False,3,memoryless_counts
trace_k3_d6_rho100_r0,3,6,1.0,0,1.0,history_counts_h4,sequence_counts_history,4,12,1.0,False,3,memoryless_counts
trace_k3_d6_rho100_r0,3,6,1.0,0,1.0,hybrid_counts_depth_last_h4,hybrid_vector_route_history,4,11,1.0,False,3,memoryless_counts
trace_k3_d6_rho100_r0,3,6,1.0,0,1.0,history_counts_h8,sequence_counts_history,8,24,1.0,False,3,memoryless_counts
trace_k3_d6_rho100_r0,3,6,1.0,0,1.0,hybrid_counts_depth_last_h8,hybrid_vector_route_history,8,19,1.0,False,3,memoryless_counts
trace_k4_d4_rho000_r0,4,4,0.0,0,0.0,memoryless_counts,vector_counts,0,4,0.5470588235294118,False,6,hybrid_counts_depth_last_h1
trace_k4_d4_rho000_r0,4,4,0.0,0,0.0,history_counts_h1,sequence_counts_history,1,4,0.5470588235294118,False,6,hybrid_counts_depth_last_h1
trace_k4_d4_rho000_r0,4,4,0.0,0,0.0,hybrid_counts_depth_last_h1,hybrid_vector_route_history,1,6,0.9985294117647059,True,6,hybrid_counts_depth_last_h1
trace_k4_d4_rho000_r0,4,4,0.0,0,0.0,history_counts_h2,sequence_counts_history,2,8,0.9985294117647059,False,6,hybrid_counts_depth_last_h1
trace_k4_d4_rho000_r0,4,4,0.0,0,0.0,hybrid_counts_depth_last_h2,hybrid_vector_route_history,2,8,1.0,False,6,hybrid_counts_depth_last_h1
trace_k4_d4_rho000_r0,4,4,0.0,0,0.0,history_counts_h4,sequence_counts_history,4,16,1.0,False,6,hybrid_counts_depth_last_h1
trace_k4_d4_rho000_r0,4,4,0.0,0,0.0,hybrid_counts_depth_last_h4,hybrid_vector_route_history,4,12,1.0,False,6,hybrid_counts_depth_last_h1
trace_k4_d4_rho000_r0,4,4,0.0,0,0.0,history_counts_h8,sequence_counts_history,8,32,1.0,False,6,hybrid_counts_depth_last_h1
trace_k4_d4_rho000_r0,4,4,0.0,0,0.0,hybrid_counts_depth_last_h8,hybrid_vector_route_history,8,20,1.0,False,6,hybrid_counts_depth_last_h1
trace_k4_d4_rho033_r0,4,4,0.3333333333333333,0,0.25828729281767954,memoryless_counts,vector_counts,0,4,0.6282608695652174,False,6,hybrid_counts_depth_last_h1
trace_k4_d4_rho033_r0,4,4,0.3333333333333333,0,0.25828729281767954,history_counts_h1,sequence_counts_history,1,4,0.6282608695652174,False,6,hybrid_counts_depth_last_h1
trace_k4_d4_rho033_r0,4,4,0.3333333333333333,0,0.25828729281767954,hybrid_counts_depth_last_h1,hybrid_vector_route_history,1,6,0.95,True,6,hybrid_counts_depth_last_h1
trace_k4_d4_rho033_r0,4,4,0.3333333333333333,0,0.25828729281767954,history_counts_h2,sequence_counts_history,2,8,0.95,False,6,hybrid_counts_depth_last_h1
trace_k4_d4_rho033_r0,4,4,0.3333333333333333,0,0.25828729281767954,hybrid_counts_depth_last_h2,hybrid_vector_route_history,2,8,0.9858695652173913,False,6,hybrid_counts_depth_last_h1
trace_k4_d4_rho033_r0,4,4,0.3333333333333333,0,0.25828729281767954,history_counts_h4,sequence_counts_history,4,16,1.0,False,6,hybrid_counts_depth_last_h1
trace_k4_d4_rho033_r0,4,4,0.3333333333333333,0,0.25828729281767954,hybrid_counts_depth_last_h4,hybrid_vector_route_history,4,12,1.0,False,6,hybrid_counts_depth_last_h1
trace_k4_d4_rho033_r0,4,4,0.3333333333333333,0,0.25828729281767954,history_counts_h8,sequence_counts_history,8,32,1.0,False,6,hybrid_counts_depth_last_h1
trace_k4_d4_rho033_r0,4,4,0.3333333333333333,0,0.25828729281767954,hybrid_counts_depth_last_h8,hybrid_vector_route_history,8,20,1.0,False,6,hybrid_counts_depth_last_h1
trace_k4_d4_rho033_r1,4,4,0.3333333333333333,1,0.2231404958677686,memoryless_counts,vector_counts,0,4,0.6010869565217392,False,8,hybrid_counts_depth_last_h2
trace_k4_d4_rho033_r1,4,4,0.3333333333333333,1,0.2231404958677686,history_counts_h1,sequence_counts_history,1,4,0.6010869565217392,False,8,hybrid_counts_depth_last_h2
trace_k4_d4_rho033_r1,4,4,0.3333333333333333,1,0.2231404958677686,hybrid_counts_depth_last_h1,hybrid_vector_route_history,1,6,0.9260869565217391,False,8,hybrid_counts_depth_last_h2
trace_k4_d4_rho033_r1,4,4,0.3333333333333333,1,0.2231404958677686,history_counts_h2,sequence_counts_history,2,8,0.9260869565217391,False,8,hybrid_counts_depth_last_h2
trace_k4_d4_rho033_r1,4,4,0.3333333333333333,1,0.2231404958677686,hybrid_counts_depth_last_h2,hybrid_vector_route_history,2,8,0.9826086956521739,True,8,hybrid_counts_depth_last_h2
trace_k4_d4_rho033_r1,4,4,0.3333333333333333,1,0.2231404958677686,history_counts_h4,sequence_counts_history,4,16,1.0,False,8,hybrid_counts_depth_last_h2
trace_k4_d4_rho033_r1,4,4,0.3333333333333333,1,0.2231404958677686,hybrid_counts_depth_last_h4,hybrid_vector_route_history,4,12,1.0,False,8,hybrid_counts_depth_last_h2
trace_k4_d4_rho033_r1,4,4,0.3333333333333333,1,0.2231404958677686,history_counts_h8,sequence_counts_history,8,32,1.0,False,8,hybrid_counts_depth_last_h2
trace_k4_d4_rho033_r1,4,4,0.3333333333333333,1,0.2231404958677686,hybrid_counts_depth_last_h8,hybrid_vector_route_history,8,20,1.0,False,8,hybrid_counts_depth_last_h2
trace_k4_d4_rho033_r2,4,4,0.3333333333333333,2,0.24312590448625182,memoryless_counts,vector_counts,0,4,0.6086956521739131,False,8,hybrid_counts_depth_last_h2
trace_k4_d4_rho033_r2,4,4,0.3333333333333333,2,0.24312590448625182,history_counts_h1,sequence_counts_history,1,4,0.6086956521739131,False,8,hybrid_counts_depth_last_h2
trace_k4_d4_rho033_r2,4,4,0.3333333333333333,2,0.24312590448625182,hybrid_counts_depth_last_h1,hybrid_vector_route_history,1,6,0.9228260869565217,False,8,hybrid_counts_depth_last_h2
trace_k4_d4_rho033_r2,4,4,0.3333333333333333,2,0.24312590448625182,history_counts_h2,sequence_counts_history,2,8,0.9228260869565217,False,8,hybrid_counts_depth_last_h2
trace_k4_d4_rho033_r2,4,4,0.3333333333333333,2,0.24312590448625182,hybrid_counts_depth_last_h2,hybrid_vector_route_history,2,8,0.9869565217391304,True,8,hybrid_counts_depth_last_h2
trace_k4_d4_rho033_r2,4,4,0.3333333333333333,2,0.24312590448625182,history_counts_h4,sequence_counts_history,4,16,1.0,False,8,hybrid_counts_depth_last_h2
trace_k4_d4_rho033_r2,4,4,0.3333333333333333,2,0.24312590448625182,hybrid_counts_depth_last_h4,hybrid_vector_route_history,4,12,1.0,False,8,hybrid_counts_depth_last_h2
trace_k4_d4_rho033_r2,4,4,0.3333333333333333,2,0.24312590448625182,history_counts_h8,sequence_counts_history,8,32,1.0,False,8,hybrid_counts_depth_last_h2
trace_k4_d4_rho033_r2,4,4,0.3333333333333333,2,0.24312590448625182,hybrid_counts_depth_last_h8,hybrid_vector_route_history,8,20,1.0,False,8,hybrid_counts_depth_last_h2
trace_k4_d4_rho067_r0,4,4,0.6666666666666666,0,0.574585635359116,memoryless_counts,vector_counts,0,4,0.791970802919708,False,6,hybrid_counts_depth_last_h1
trace_k4_d4_rho067_r0,4,4,0.6666666666666666,0,0.574585635359116,history_counts_h1,sequence_counts_history,1,4,0.791970802919708,False,6,hybrid_counts_depth_last_h1
trace_k4_d4_rho067_r0,4,4,0.6666666666666666,0,0.574585635359116,hybrid_counts_depth_last_h1,hybrid_vector_route_history,1,6,0.968978102189781,True,6,hybrid_counts_depth_last_h1
trace_k4_d4_rho067_r0,4,4,0.6666666666666666,0,0.574585635359116,history_counts_h2,sequence_counts_history,2,8,0.968978102189781,False,6,hybrid_counts_depth_last_h1
trace_k4_d4_rho067_r0,4,4,0.6666666666666666,0,0.574585635359116,hybrid_counts_depth_last_h2,hybrid_vector_route_history,2,8,0.9927007299270073,False,6,hybrid_counts_depth_last_h1
trace_k4_d4_rho067_r0,4,4,0.6666666666666666,0,0.574585635359116,history_counts_h4,sequence_counts_history,4,16,1.0,False,6,hybrid_counts_depth_last_h1
trace_k4_d4_rho067_r0,4,4,0.6666666666666666,0,0.574585635359116,hybrid_counts_depth_last_h4,hybrid_vector_route_history,4,12,1.0,False,6,hybrid_counts_depth_last_h1
trace_k4_d4_rho067_r0,4,4,0.6666666666666666,0,0.574585635359116,history_counts_h8,sequence_counts_history,8,32,1.0,False,6,hybrid_counts_depth_last_h1
trace_k4_d4_rho067_r0,4,4,0.6666666666666666,0,0.574585635359116,hybrid_counts_depth_last_h8,hybrid_vector_route_history,8,20,1.0,False,6,hybrid_counts_depth_last_h1
trace_k4_d4_rho067_r1,4,4,0.6666666666666666,1,0.4366391184573003,memoryless_counts,vector_counts,0,4,0.7482758620689656,False,8,hybrid_counts_depth_last_h2
trace_k4_d4_rho067_r1,4,4,0.6666666666666666,1,0.4366391184573003,history_counts_h1,sequence_counts_history,1,4,0.7482758620689656,False,8,hybrid_counts_depth_last_h2
trace_k4_d4_rho067_r1,4,4,0.6666666666666666,1,0.4366391184573003,hybrid_counts_depth_last_h1,hybrid_vector_route_history,1,6,0.9275862068965517,False,8,hybrid_counts_depth_last_h2
trace_k4_d4_rho067_r1,4,4,0.6666666666666666,1,0.4366391184573003,history_counts_h2,sequence_counts_history,2,8,0.9275862068965517,False,8,hybrid_counts_depth_last_h2
trace_k4_d4_rho067_r1,4,4,0.6666666666666666,1,0.4366391184573003,hybrid_counts_depth_last_h2,hybrid_vector_route_history,2,8,0.9741379310344828,True,8,hybrid_counts_depth_last_h2
trace_k4_d4_rho067_r1,4,4,0.6666666666666666,1,0.4366391184573003,history_counts_h4,sequence_counts_history,4,16,1.0,False,8,hybrid_counts_depth_last_h2
trace_k4_d4_rho067_r1,4,4,0.6666666666666666,1,0.4366391184573003,hybrid_counts_depth_last_h4,hybrid_vector_route_history,4,12,1.0,False,8,hybrid_counts_depth_last_h2
trace_k4_d4_rho067_r1,4,4,0.6666666666666666,1,0.4366391184573003,history_counts_h8,sequence_counts_history,8,32,1.0,False,8,hybrid_counts_depth_last_h2
trace_k4_d4_rho067_r1,4,4,0.6666666666666666,1,0.4366391184573003,hybrid_counts_depth_last_h8,hybrid_vector_route_history,8,20,1.0,False,8,hybrid_counts_depth_last_h2
trace_k4_d4_rho067_r2,4,4,0.6666666666666666,2,0.516642547033285,memoryless_counts,vector_counts,0,4,0.7098540145985401,False,8,hybrid_counts_depth_last_h2
trace_k4_d4_rho067_r2,4,4,0.6666666666666666,2,0.516642547033285,history_counts_h1,sequence_counts_history,1,4,0.7098540145985401,False,8,hybrid_counts_depth_last_h2
trace_k4_d4_rho067_r2,4,4,0.6666666666666666,2,0.516642547033285,hybrid_counts_depth_last_h1,hybrid_vector_route_history,1,6,0.8905109489051095,False,8,hybrid_counts_depth_last_h2
trace_k4_d4_rho067_r2,4,4,0.6666666666666666,2,0.516642547033285,history_counts_h2,sequence_counts_history,2,8,0.8905109489051095,False,8,hybrid_counts_depth_last_h2
trace_k4_d4_rho067_r2,4,4,0.6666666666666666,2,0.516642547033285,hybrid_counts_depth_last_h2,hybrid_vector_route_history,2,8,0.968978102189781,True,8,hybrid_counts_depth_last_h2
trace_k4_d4_rho067_r2,4,4,0.6666666666666666,2,0.516642547033285,history_counts_h4,sequence_counts_history,4,16,1.0,False,8,hybrid_counts_depth_last_h2
trace_k4_d4_rho067_r2,4,4,0.6666666666666666,2,0.516642547033285,hybrid_counts_depth_last_h4,hybrid_vector_route_history,4,12,1.0,False,8,hybrid_counts_depth_last_h2
trace_k4_d4_rho067_r2,4,4,0.6666666666666666,2,0.516642547033285,history_counts_h8,sequence_counts_history,8,32,1.0,False,8,hybrid_counts_depth_last_h2
trace_k4_d4_rho067_r2,4,4,0.6666666666666666,2,0.516642547033285,hybrid_counts_depth_last_h8,hybrid_vector_route_history,8,20,1.0,False,8,hybrid_counts_depth_last_h2
trace_k4_d4_rho100_r0,4,4,1.0,0,1.0,memoryless_counts,vector_counts,0,4,1.0,True,4,memoryless_counts
trace_k4_d4_rho100_r0,4,4,1.0,0,1.0,history_counts_h1,sequence_counts_history,1,4,1.0,False,4,memoryless_counts
trace_k4_d4_rho100_r0,4,4,1.0,0,1.0,hybrid_counts_depth_last_h1,hybrid_vector_route_history,1,6,1.0,False,4,memoryless_counts
trace_k4_d4_rho100_r0,4,4,1.0,0,1.0,history_counts_h2,sequence_counts_history,2,8,1.0,False,4,memoryless_counts
trace_k4_d4_rho100_r0,4,4,1.0,0,1.0,hybrid_counts_depth_last_h2,hybrid_vector_route_history,2,8,1.0,False,4,memoryless_counts
trace_k4_d4_rho100_r0,4,4,1.0,0,1.0,history_counts_h4,sequence_counts_history,4,16,1.0,False,4,memoryless_counts
trace_k4_d4_rho100_r0,4,4,1.0,0,1.0,hybrid_counts_depth_last_h4,hybrid_vector_route_history,4,12,1.0,False,4,memoryless_counts
trace_k4_d4_rho100_r0,4,4,1.0,0,1.0,history_counts_h8,sequence_counts_history,8,32,1.0,False,4,memoryless_counts
trace_k4_d4_rho100_r0,4,4,1.0,0,1.0,hybrid_counts_depth_last_h8,hybrid_vector_route_history,8,20,1.0,False,4,memoryless_counts
trace_k4_d6_rho000_r0,4,6,0.0,0,0.0,memoryless_counts,vector_counts,0,4,0.4793956043956044,False,6,hybrid_counts_depth_last_h1
trace_k4_d6_rho000_r0,4,6,0.0,0,0.0,history_counts_h1,sequence_counts_history,1,4,0.4793956043956044,False,6,hybrid_counts_depth_last_h1
trace_k4_d6_rho000_r0,4,6,0.0,0,0.0,hybrid_counts_depth_last_h1,hybrid_vector_route_history,1,6,0.9994505494505495,True,6,hybrid_counts_depth_last_h1
trace_k4_d6_rho000_r0,4,6,0.0,0,0.0,history_counts_h2,sequence_counts_history,2,8,0.9994505494505495,False,6,hybrid_counts_depth_last_h1
trace_k4_d6_rho000_r0,4,6,0.0,0,0.0,hybrid_counts_depth_last_h2,hybrid_vector_route_history,2,8,0.9996336996336996,False,6,hybrid_counts_depth_last_h1
trace_k4_d6_rho000_r0,4,6,0.0,0,0.0,history_counts_h4,sequence_counts_history,4,16,0.9998168498168498,False,6,hybrid_counts_depth_last_h1
trace_k4_d6_rho000_r0,4,6,0.0,0,0.0,hybrid_counts_depth_last_h4,hybrid_vector_route_history,4,12,1.0,False,6,hybrid_counts_depth_last_h1
trace_k4_d6_rho000_r0,4,6,0.0,0,0.0,history_counts_h8,sequence_counts_history,8,32,1.0,False,6,hybrid_counts_depth_last_h1
trace_k4_d6_rho000_r0,4,6,0.0,0,0.0,hybrid_counts_depth_last_h8,hybrid_vector_route_history,8,20,1.0,False,6,hybrid_counts_depth_last_h1
trace_k4_d6_rho033_r0,4,6,0.3333333333333333,0,0.24746743849493488,memoryless_counts,vector_counts,0,4,0.5529237601776462,False,8,hybrid_counts_depth_last_h2
trace_k4_d6_rho033_r0,4,6,0.3333333333333333,0,0.24746743849493488,history_counts_h1,sequence_counts_history,1,4,0.5529237601776462,False,8,hybrid_counts_depth_last_h2
trace_k4_d6_rho033_r0,4,6,0.3333333333333333,0,0.24746743849493488,hybrid_counts_depth_last_h1,hybrid_vector_route_history,1,6,0.927461139896373,False,8,hybrid_counts_depth_last_h2
trace_k4_d6_rho033_r0,4,6,0.3333333333333333,0,0.24746743849493488,history_counts_h2,sequence_counts_history,2,8,0.927461139896373,False,8,hybrid_counts_depth_last_h2
trace_k4_d6_rho033_r0,4,6,0.3333333333333333,0,0.24746743849493488,hybrid_counts_depth_last_h2,hybrid_vector_route_history,2,8,0.9601221317542561,True,8,hybrid_counts_depth_last_h2
trace_k4_d6_rho033_r0,4,6,0.3333333333333333,0,0.24746743849493488,history_counts_h4,sequence_counts_history,4,16,0.9806624722427831,False,8,hybrid_counts_depth_last_h2
trace_k4_d6_rho033_r0,4,6,0.3333333333333333,0,0.24746743849493488,hybrid_counts_depth_last_h4,hybrid_vector_route_history,4,12,0.99380088823094,False,8,hybrid_counts_depth_last_h2
trace_k4_d6_rho033_r0,4,6,0.3333333333333333,0,0.24746743849493488,history_counts_h8,sequence_counts_history,8,32,1.0,False,8,hybrid_counts_depth_last_h2
trace_k4_d6_rho033_r0,4,6,0.3333333333333333,0,0.24746743849493488,hybrid_counts_depth_last_h8,hybrid_vector_route_history,8,20,1.0,False,8,hybrid_counts_depth_last_h2
trace_k4_d6_rho033_r1,4,6,0.3333333333333333,1,0.2232746955345061,memoryless_counts,vector_counts,0,4,0.5415433012583272,False,8,hybrid_counts_depth_last_h2
trace_k4_d6_rho033_r1,4,6,0.3333333333333333,1,0.2232746955345061,history_counts_h1,sequence_counts_history,1,4,0.5415433012583272,False,8,hybrid_counts_depth_last_h2
trace_k4_d6_rho033_r1,4,6,0.3333333333333333,1,0.2232746955345061,hybrid_counts_depth_last_h1,hybrid_vector_route_history,1,6,0.9434678016284234,False,8,hybrid_counts_depth_last_h2
trace_k4_d6_rho033_r1,4,6,0.3333333333333333,1,0.2232746955345061,history_counts_h2,sequence_counts_history,2,8,0.9434678016284234,False,8,hybrid_counts_depth_last_h2
trace_k4_d6_rho033_r1,4,6,0.3333333333333333,1,0.2232746955345061,hybrid_counts_depth_last_h2,hybrid_vector_route_history,2,8,0.9804774241302738,True,8,hybrid_counts_depth_last_h2
trace_k4_d6_rho033_r1,4,6,0.3333333333333333,1,0.2232746955345061,history_counts_h4,sequence_counts_history,4,16,0.9928756476683938,False,8,hybrid_counts_depth_last_h2
trace_k4_d6_rho033_r1,4,6,0.3333333333333333,1,0.2232746955345061,hybrid_counts_depth_last_h4,hybrid_vector_route_history,4,12,0.9984270910436713,False,8,hybrid_counts_depth_last_h2
trace_k4_d6_rho033_r1,4,6,0.3333333333333333,1,0.2232746955345061,history_counts_h8,sequence_counts_history,8,32,1.0,False,8,hybrid_counts_depth_last_h2
trace_k4_d6_rho033_r1,4,6,0.3333333333333333,1,0.2232746955345061,hybrid_counts_depth_last_h8,hybrid_vector_route_history,8,20,1.0,False,8,hybrid_counts_depth_last_h2
trace_k4_d6_rho033_r2,4,6,0.3333333333333333,2,0.23717059639389737,memoryless_counts,vector_counts,0,4,0.5312731310140637,False,8,hybrid_counts_depth_last_h2
trace_k4_d6_rho033_r2,4,6,0.3333333333333333,2,0.23717059639389737,history_counts_h1,sequence_counts_history,1,4,0.5312731310140637,False,8,hybrid_counts_depth_last_h2
trace_k4_d6_rho033_r2,4,6,0.3333333333333333,2,0.23717059639389737,hybrid_counts_depth_last_h1,hybrid_vector_route_history,1,6,0.9158031088082902,False,8,hybrid_counts_depth_last_h2
trace_k4_d6_rho033_r2,4,6,0.3333333333333333,2,0.23717059639389737,history_counts_h2,sequence_counts_history,2,8,0.9158031088082902,False,8,hybrid_counts_depth_last_h2
trace_k4_d6_rho033_r2,4,6,0.3333333333333333,2,0.23717059639389737,hybrid_counts_depth_last_h2,hybrid_vector_route_history,2,8,0.9765914137675795,True,8,hybrid_counts_depth_last_h2
trace_k4_d6_rho033_r2,4,6,0.3333333333333333,2,0.23717059639389737,history_counts_h4,sequence_counts_history,4,16,0.9924130273871207,False,8,hybrid_counts_depth_last_h2
trace_k4_d6_rho033_r2,4,6,0.3333333333333333,2,0.23717059639389737,hybrid_counts_depth_last_h4,hybrid_vector_route_history,4,12,0.9986121391561806,False,8,hybrid_counts_depth_last_h2
trace_k4_d6_rho033_r2,4,6,0.3333333333333333,2,0.23717059639389737,history_counts_h8,sequence_counts_history,8,32,1.0,False,8,hybrid_counts_depth_last_h2
trace_k4_d6_rho033_r2,4,6,0.3333333333333333,2,0.23717059639389737,hybrid_counts_depth_last_h8,hybrid_vector_route_history,8,20,1.0,False,8,hybrid_counts_depth_last_h2
trace_k4_d6_rho067_r0,4,6,0.6666666666666666,0,0.5499276410998553,memoryless_counts,vector_counts,0,4,0.7523006134969326,False,6,hybrid_counts_depth_last_h1
trace_k4_d6_rho067_r0,4,6,0.6666666666666666,0,0.5499276410998553,history_counts_h1,sequence_counts_history,1,4,0.7523006134969326,False,6,hybrid_counts_depth_last_h1
trace_k4_d6_rho067_r0,4,6,0.6666666666666666,0,0.5499276410998553,hybrid_counts_depth_last_h1,hybrid_vector_route_history,1,6,0.9598670756646217,True,6,hybrid_counts_depth_last_h1
trace_k4_d6_rho067_r0,4,6,0.6666666666666666,0,0.5499276410998553,history_counts_h2,sequence_counts_history,2,8,0.9598670756646217,False,6,hybrid_counts_depth_last_h1
trace_k4_d6_rho067_r0,4,6,0.6666666666666666,0,0.5499276410998553,hybrid_counts_depth_last_h2,hybrid_vector_route_history,2,8,0.983640081799591,False,6,hybrid_counts_depth_last_h1
trace_k4_d6_rho067_r0,4,6,0.6666666666666666,0,0.5499276410998553,history_counts_h4,sequence_counts_history,4,16,0.9943762781186094,False,6,hybrid_counts_depth_last_h1
trace_k4_d6_rho067_r0,4,6,0.6666666666666666,0,0.5499276410998553,hybrid_counts_depth_last_h4,hybrid_vector_route_history,4,12,0.9994887525562373,False,6,hybrid_counts_depth_last_h1
trace_k4_d6_rho067_r0,4,6,0.6666666666666666,0,0.5499276410998553,history_counts_h8,sequence_counts_history,8,32,1.0,False,6,hybrid_counts_depth_last_h1
trace_k4_d6_rho067_r0,4,6,0.6666666666666666,0,0.5499276410998553,hybrid_counts_depth_last_h8,hybrid_vector_route_history,8,20,1.0,False,6,hybrid_counts_depth_last_h1
trace_k4_d6_rho067_r1,4,6,0.6666666666666666,1,0.395128552097429,memoryless_counts,vector_counts,0,4,0.6614811568799299,False,12,hybrid_counts_depth_last_h4
trace_k4_d6_rho067_r1,4,6,0.6666666666666666,1,0.395128552097429,history_counts_h1,sequence_counts_history,1,4,0.6614811568799299,False,12,hybrid_counts_depth_last_h4
trace_k4_d6_rho067_r1,4,6,0.6666666666666666,1,0.395128552097429,hybrid_counts_depth_last_h1,hybrid_vector_route_history,1,6,0.8698510078878177,False,12,hybrid_counts_depth_last_h4
trace_k4_d6_rho067_r1,4,6,0.6666666666666666,1,0.395128552097429,history_counts_h2,sequence_counts_history,2,8,0.8698510078878177,False,12,hybrid_counts_depth_last_h4
trace_k4_d6_rho067_r1,4,6,0.6666666666666666,1,0.395128552097429,hybrid_counts_depth_last_h2,hybrid_vector_route_history,2,8,0.9265994741454864,False,12,hybrid_counts_depth_last_h4
trace_k4_d6_rho067_r1,4,6,0.6666666666666666,1,0.395128552097429,history_counts_h4,sequence_counts_history,4,16,0.9723926380368099,False,12,hybrid_counts_depth_last_h4
trace_k4_d6_rho067_r1,4,6,0.6666666666666666,1,0.395128552097429,hybrid_counts_depth_last_h4,hybrid_vector_route_history,4,12,0.9912357581069238,True,12,hybrid_counts_depth_last_h4
trace_k4_d6_rho067_r1,4,6,0.6666666666666666,1,0.395128552097429,history_counts_h8,sequence_counts_history,8,32,1.0,False,12,hybrid_counts_depth_last_h4
trace_k4_d6_rho067_r1,4,6,0.6666666666666666,1,0.395128552097429,hybrid_counts_depth_last_h8,hybrid_vector_route_history,8,20,1.0,False,12,hybrid_counts_depth_last_h4
trace_k4_d6_rho067_r2,4,6,0.6666666666666666,2,0.5353675450762829,memoryless_counts,vector_counts,0,4,0.6781697341513292,False,12,hybrid_counts_depth_last_h4
trace_k4_d6_rho067_r2,4,6,0.6666666666666666,2,0.5353675450762829,history_counts_h1,sequence_counts_history,1,4,0.6781697341513292,False,12,hybrid_counts_depth_last_h4
trace_k4_d6_rho067_r2,4,6,0.6666666666666666,2,0.5353675450762829,hybrid_counts_depth_last_h1,hybrid_vector_route_history,1,6,0.8491820040899796,False,12,hybrid_counts_depth_last_h4
trace_k4_d6_rho067_r2,4,6,0.6666666666666666,2,0.5353675450762829,history_counts_h2,sequence_counts_history,2,8,0.8491820040899796,False,12,hybrid_counts_depth_last_h4
trace_k4_d6_rho067_r2,4,6,0.6666666666666666,2,0.5353675450762829,hybrid_counts_depth_last_h2,hybrid_vector_route_history,2,8,0.935838445807771,False,12,hybrid_counts_depth_last_h4
trace_k4_d6_rho067_r2,4,6,0.6666666666666666,2,0.5353675450762829,history_counts_h4,sequence_counts_history,4,16,0.9757157464212679,False,12,hybrid_counts_depth_last_h4
trace_k4_d6_rho067_r2,4,6,0.6666666666666666,2,0.5353675450762829,hybrid_counts_depth_last_h4,hybrid_vector_route_history,4,12,0.9928425357873211,True,12,hybrid_counts_depth_last_h4
trace_k4_d6_rho067_r2,4,6,0.6666666666666666,2,0.5353675450762829,history_counts_h8,sequence_counts_history,8,32,1.0,False,12,hybrid_counts_depth_last_h4
trace_k4_d6_rho067_r2,4,6,0.6666666666666666,2,0.5353675450762829,hybrid_counts_depth_last_h8,hybrid_vector_route_history,8,20,1.0,False,12,hybrid_counts_depth_last_h4
trace_k4_d6_rho100_r0,4,6,1.0,0,1.0,memoryless_counts,vector_counts,0,4,1.0,True,4,memoryless_counts
trace_k4_d6_rho100_r0,4,6,1.0,0,1.0,history_counts_h1,sequence_counts_history,1,4,1.0,False,4,memoryless_counts
trace_k4_d6_rho100_r0,4,6,1.0,0,1.0,hybrid_counts_depth_last_h1,hybrid_vector_route_history,1,6,1.0,False,4,memoryless_counts
trace_k4_d6_rho100_r0,4,6,1.0,0,1.0,history_counts_h2,sequence_counts_history,2,8,1.0,False,4,memoryless_counts
trace_k4_d6_rho100_r0,4,6,1.0,0,1.0,hybrid_counts_depth_last_h2,hybrid_vector_route_history,2,8,1.0,False,4,memoryless_counts
trace_k4_d6_rho100_r0,4,6,1.0,0,1.0,history_counts_h4,sequence_counts_history,4,16,1.0,False,4,memoryless_counts
trace_k4_d6_rho100_r0,4,6,1.0,0,1.0,hybrid_counts_depth_last_h4,hybrid_vector_route_history,4,12,1.0,False,4,memoryless_counts
trace_k4_d6_rho100_r0,4,6,1.0,0,1.0,history_counts_h8,sequence_counts_history,8,32,1.0,False,4,memoryless_counts
trace_k4_d6_rho100_r0,4,6,1.0,0,1.0,hybrid_counts_depth_last_h8,hybrid_vector_route_history,8,20,1.0,False,4,memoryless_counts
