task,basis,family,dim,delay,accuracy,target_norm,adjacent_lag_similarity
delayed_cue_with_distractors,nilpotent_L32,nilpotent,32,4,1.0,1.0,0.0
delayed_cue_with_distractors,nilpotent_L32,nilpotent,32,8,1.0,1.0,0.0
delayed_cue_with_distractors,nilpotent_L32,nilpotent,32,12,1.0,1.0,0.0
delayed_cue_with_distractors,nilpotent_L32,nilpotent,32,16,1.0,1.0,0.0
delayed_cue_with_distractors,nilpotent_L32,nilpotent,32,20,1.0,1.0,0.0
delayed_cue_with_distractors,nilpotent_L32,nilpotent,32,24,1.0,1.0,0.0
delayed_cue_with_distractors,nilpotent_L32,nilpotent,32,28,1.0,1.0,0.0
delayed_cue_with_distractors,nilpotent_L32,nilpotent,32,32,0.525,0.0,nan
delayed_cue_with_distractors,nilpotent_L32,nilpotent,32,36,0.4925,0.0,nan
delayed_cue_with_distractors,nilpotent_L32,nilpotent,32,40,0.5041666666666667,0.0,nan
delayed_cue_with_distractors,nilpotent_L32,nilpotent,32,44,0.48333333333333334,0.0,nan
delayed_cue_with_distractors,nilpotent_L32,nilpotent,32,48,0.4875,0.0,nan
delayed_cue_with_distractors,nilpotent_L32,nilpotent,32,52,0.4891666666666667,0.0,nan
delayed_cue_with_distractors,nilpotent_L32,nilpotent,32,56,0.4841666666666667,0.0,nan
delayed_cue_with_distractors,nilpotent_L32,nilpotent,32,60,0.5141666666666667,0.0,nan
delayed_cue_with_distractors,nilpotent_L32,nilpotent,32,64,0.5175,0.0,nan
delayed_cue_with_distractors,nilpotent_L32,nilpotent,32,68,0.49666666666666665,0.0,nan
delayed_cue_with_distractors,nilpotent_L32,nilpotent,32,72,0.4875,0.0,nan
delayed_cue_with_distractors,nilpotent_L32,nilpotent,32,76,0.49583333333333335,0.0,nan
delayed_cue_with_distractors,nilpotent_L32,nilpotent,32,80,0.5241666666666667,0.0,nan
delayed_cue_with_distractors,nilpotent_L32,nilpotent,32,84,0.485,0.0,nan
delayed_cue_with_distractors,nilpotent_L32,nilpotent,32,88,0.5225,0.0,nan
delayed_cue_with_distractors,nilpotent_L32,nilpotent,32,92,0.49166666666666664,0.0,nan
delayed_cue_with_distractors,nilpotent_L32,nilpotent,32,96,0.48083333333333333,0.0,nan
delayed_cue_with_distractors,nilpotent_L64,nilpotent,64,4,1.0,1.0,0.0
delayed_cue_with_distractors,nilpotent_L64,nilpotent,64,8,1.0,1.0,0.0
delayed_cue_with_distractors,nilpotent_L64,nilpotent,64,12,1.0,1.0,0.0
delayed_cue_with_distractors,nilpotent_L64,nilpotent,64,16,1.0,1.0,0.0
delayed_cue_with_distractors,nilpotent_L64,nilpotent,64,20,1.0,1.0,0.0
delayed_cue_with_distractors,nilpotent_L64,nilpotent,64,24,1.0,1.0,0.0
delayed_cue_with_distractors,nilpotent_L64,nilpotent,64,28,1.0,1.0,0.0
delayed_cue_with_distractors,nilpotent_L64,nilpotent,64,32,1.0,1.0,0.0
delayed_cue_with_distractors,nilpotent_L64,nilpotent,64,36,1.0,1.0,0.0
delayed_cue_with_distractors,nilpotent_L64,nilpotent,64,40,1.0,1.0,0.0
delayed_cue_with_distractors,nilpotent_L64,nilpotent,64,44,1.0,1.0,0.0
delayed_cue_with_distractors,nilpotent_L64,nilpotent,64,48,1.0,1.0,0.0
delayed_cue_with_distractors,nilpotent_L64,nilpotent,64,52,1.0,1.0,0.0
delayed_cue_with_distractors,nilpotent_L64,nilpotent,64,56,1.0,1.0,0.0
delayed_cue_with_distractors,nilpotent_L64,nilpotent,64,60,1.0,1.0,0.0
delayed_cue_with_distractors,nilpotent_L64,nilpotent,64,64,0.5091666666666667,0.0,nan
delayed_cue_with_distractors,nilpotent_L64,nilpotent,64,68,0.5008333333333334,0.0,nan
delayed_cue_with_distractors,nilpotent_L64,nilpotent,64,72,0.5141666666666667,0.0,nan
delayed_cue_with_distractors,nilpotent_L64,nilpotent,64,76,0.485,0.0,nan
delayed_cue_with_distractors,nilpotent_L64,nilpotent,64,80,0.48833333333333334,0.0,nan
delayed_cue_with_distractors,nilpotent_L64,nilpotent,64,84,0.5241666666666667,0.0,nan
delayed_cue_with_distractors,nilpotent_L64,nilpotent,64,88,0.5133333333333333,0.0,nan
delayed_cue_with_distractors,nilpotent_L64,nilpotent,64,92,0.495,0.0,nan
delayed_cue_with_distractors,nilpotent_L64,nilpotent,64,96,0.4866666666666667,0.0,nan
delayed_cue_with_distractors,nilpotent_L96,nilpotent,96,4,1.0,1.0,0.0
delayed_cue_with_distractors,nilpotent_L96,nilpotent,96,8,1.0,1.0,0.0
delayed_cue_with_distractors,nilpotent_L96,nilpotent,96,12,1.0,1.0,0.0
delayed_cue_with_distractors,nilpotent_L96,nilpotent,96,16,1.0,1.0,0.0
delayed_cue_with_distractors,nilpotent_L96,nilpotent,96,20,1.0,1.0,0.0
delayed_cue_with_distractors,nilpotent_L96,nilpotent,96,24,1.0,1.0,0.0
delayed_cue_with_distractors,nilpotent_L96,nilpotent,96,28,1.0,1.0,0.0
delayed_cue_with_distractors,nilpotent_L96,nilpotent,96,32,1.0,1.0,0.0
delayed_cue_with_distractors,nilpotent_L96,nilpotent,96,36,1.0,1.0,0.0
delayed_cue_with_distractors,nilpotent_L96,nilpotent,96,40,1.0,1.0,0.0
delayed_cue_with_distractors,nilpotent_L96,nilpotent,96,44,1.0,1.0,0.0
delayed_cue_with_distractors,nilpotent_L96,nilpotent,96,48,1.0,1.0,0.0
delayed_cue_with_distractors,nilpotent_L96,nilpotent,96,52,1.0,1.0,0.0
delayed_cue_with_distractors,nilpotent_L96,nilpotent,96,56,1.0,1.0,0.0
delayed_cue_with_distractors,nilpotent_L96,nilpotent,96,60,1.0,1.0,0.0
delayed_cue_with_distractors,nilpotent_L96,nilpotent,96,64,1.0,1.0,0.0
delayed_cue_with_distractors,nilpotent_L96,nilpotent,96,68,1.0,1.0,0.0
delayed_cue_with_distractors,nilpotent_L96,nilpotent,96,72,1.0,1.0,0.0
delayed_cue_with_distractors,nilpotent_L96,nilpotent,96,76,1.0,1.0,0.0
delayed_cue_with_distractors,nilpotent_L96,nilpotent,96,80,1.0,1.0,0.0
delayed_cue_with_distractors,nilpotent_L96,nilpotent,96,84,1.0,1.0,0.0
delayed_cue_with_distractors,nilpotent_L96,nilpotent,96,88,1.0,1.0,0.0
delayed_cue_with_distractors,nilpotent_L96,nilpotent,96,92,1.0,1.0,0.0
delayed_cue_with_distractors,nilpotent_L96,nilpotent,96,96,0.49666666666666665,0.0,nan
delayed_cue_with_distractors,osc_r099_m16,oscillatory,32,4,1.0,0.9605960099999998,1.9076898061590222e-16
delayed_cue_with_distractors,osc_r099_m16,oscillatory,32,8,1.0,0.9227446944279202,8.874727224156108e-17
delayed_cue_with_distractors,osc_r099_m16,oscillatory,32,12,1.0,0.8863848717161292,2.273286220017119e-16
delayed_cue_with_distractors,osc_r099_m16,oscillatory,32,16,1.0,0.8514577710948756,-7.580349009926813e-17
delayed_cue_with_distractors,osc_r099_m16,oscillatory,32,20,1.0,0.8179069375972308,-8.215001457826264e-17
delayed_cue_with_distractors,osc_r099_m16,oscillatory,32,24,1.0,0.7856781408072189,3.171618636252389e-16
delayed_cue_with_distractors,osc_r099_m16,oscillatory,32,28,1.0,0.7547192872036326,5.457240931171469e-16
delayed_cue_with_distractors,osc_r099_m16,oscillatory,32,32,0.9316666666666666,0.7249803359578535,9.022739541239647e-16
delayed_cue_with_distractors,osc_r099_m16,oscillatory,32,36,0.915,0.6964132180495733,1.5669123892017932e-16
delayed_cue_with_distractors,osc_r099_m16,oscillatory,32,40,0.9358333333333333,0.6689717585696803,-6.94589889641655e-16
delayed_cue_with_distractors,osc_r099_m16,oscillatory,32,44,0.9316666666666666,0.642611602084718,-1.6635211128769493e-17
delayed_cue_with_distractors,osc_r099_m16,oscillatory,32,48,0.9233333333333333,0.617290140942288,-1.171817871074718e-16
delayed_cue_with_distractors,osc_r099_m16,oscillatory,32,52,0.925,0.5929664464014994,2.24679290594592e-16
delayed_cue_with_distractors,osc_r099_m16,oscillatory,32,56,0.9408333333333333,0.5696012024771592,-1.0057203930921563e-16
delayed_cue_with_distractors,osc_r099_m16,oscillatory,32,60,0.9283333333333333,0.5471566423907612,5.736435287858818e-16
delayed_cue_with_distractors,osc_r099_m16,oscillatory,32,64,0.8716666666666667,0.525596487525562,-1.7490608033486835e-17
delayed_cue_with_distractors,osc_r099_m16,oscillatory,32,68,0.8633333333333333,0.5048858887870696,1.3078575803279732e-15
delayed_cue_with_distractors,osc_r099_m16,oscillatory,32,72,0.8566666666666667,0.4849913702741629,-1.4237444355817208e-16
delayed_cue_with_distractors,osc_r099_m16,oscillatory,32,76,0.865,0.46588077516979337,1.091930402055123e-15
delayed_cue_with_distractors,osc_r099_m16,oscillatory,32,80,0.8608333333333333,0.44752321376381066,-6.60275282935013e-16
delayed_cue_with_distractors,osc_r099_m16,oscillatory,32,84,0.8666666666666667,0.4298890135238936,1.9515157144928023e-16
delayed_cue_with_distractors,osc_r099_m16,oscillatory,32,88,0.86,0.41294967113388814,-2.316322561240441e-16
delayed_cue_with_distractors,osc_r099_m16,oscillatory,32,92,0.8683333333333333,0.3966778064220251,-2.9604613211119093e-16
delayed_cue_with_distractors,osc_r099_m16,oscillatory,32,96,0.8025,0.3810471181045497,1.0330906996726469e-16
delayed_cue_with_distractors,osc_r095_m16,oscillatory,32,4,1.0,0.8145062499999999,1.639490688165953e-16
delayed_cue_with_distractors,osc_r095_m16,oscillatory,32,8,1.0,0.6634204312890623,9.735304154115875e-17
delayed_cue_with_distractors,osc_r095_m16,oscillatory,32,12,1.0,0.5403600876626367,2.9348822239916986e-16
delayed_cue_with_distractors,osc_r095_m16,oscillatory,32,16,1.0,0.44012666865176536,-5.1044592635838827e-17
delayed_cue_with_distractors,osc_r095_m16,oscillatory,32,20,1.0,0.3584859224085419,-6.411795374950037e-17
delayed_cue_with_distractors,osc_r095_m16,oscillatory,32,24,1.0,0.2919890243387724,3.7692541234699563e-16
delayed_cue_with_distractors,osc_r095_m16,oscillatory,32,28,1.0,0.2378268852553322,5.900067666450299e-16
delayed_cue_with_distractors,osc_r095_m16,oscillatory,32,32,0.8683333333333333,0.19371148445850087,8.402851471556201e-16
delayed_cue_with_distractors,osc_r095_m16,oscillatory,32,36,0.8391666666666666,0.1577792147882268,1.5722365721448651e-16
delayed_cue_with_distractors,osc_r095_m16,oscillatory,32,40,0.84,0.1285121565651031,-6.423661983344098e-16
delayed_cue_with_distractors,osc_r095_m16,oscillatory,32,44,0.855,0.10467395472325501,1.0340684748403682e-16
delayed_cue_with_distractors,osc_r095_m16,oscillatory,32,48,0.8375,0.08525759033430819,-7.793462682714767e-17
delayed_cue_with_distractors,osc_r095_m16,oscillatory,32,52,0.8366666666666667,0.06944284018723361,2.8834518053442617e-16
delayed_cue_with_distractors,osc_r095_m16,oscillatory,32,56,0.8425,0.05656162735025293,-1.2878049125082165e-16
delayed_cue_with_distractors,osc_r095_m16,oscillatory,32,60,0.8033333333333333,0.04606979898695194,5.292692862862352e-16
delayed_cue_with_distractors,osc_r095_m16,oscillatory,32,64,0.5158333333333334,0.03752413921111601,-5.863912073512599e-17
delayed_cue_with_distractors,osc_r095_m16,oscillatory,32,68,0.5133333333333333,0.030563645913324063,1.2464708330936637e-15
delayed_cue_with_distractors,osc_r095_m16,oscillatory,32,72,0.5166666666666667,0.0248942806191894,-1.454262380976813e-16
delayed_cue_with_distractors,osc_r095_m16,oscillatory,32,76,0.5158333333333334,0.020276547153583634,1.033403260454446e-15
delayed_cue_with_distractors,osc_r095_m16,oscillatory,32,80,0.5183333333333333,0.01651537438501358,-6.372367496360956e-16
delayed_cue_with_distractors,osc_r095_m16,oscillatory,32,84,0.495,0.013451875657683465,1.6008871588863329e-16
delayed_cue_with_distractors,osc_r095_m16,oscillatory,32,88,0.5375,0.01095663679740604,-2.2119908076910018e-16
delayed_cue_with_distractors,osc_r095_m16,oscillatory,32,92,0.5058333333333334,0.008924249150467203,-2.450147774876507e-16
delayed_cue_with_distractors,osc_r095_m16,oscillatory,32,96,0.5,0.007268856709612725,8.641058506153716e-18
delayed_cue_with_distractors,osc_r090_m16,oscillatory,32,4,1.0,0.6560999999999999,1.5142206675818242e-16
delayed_cue_with_distractors,osc_r090_m16,oscillatory,32,8,1.0,0.4304672100000002,1.137434462933604e-16
delayed_cue_with_distractors,osc_r090_m16,oscillatory,32,12,1.0,0.2824295364810001,2.740189352086721e-16
delayed_cue_with_distractors,osc_r090_m16,oscillatory,32,16,1.0,0.18530201888518416,-2.2734346114694447e-17
delayed_cue_with_distractors,osc_r090_m16,oscillatory,32,20,1.0,0.12157665459056935,0.0
delayed_cue_with_distractors,osc_r090_m16,oscillatory,32,24,1.0,0.07976644307687256,4.294082270670425e-16
delayed_cue_with_distractors,osc_r090_m16,oscillatory,32,28,0.9958333333333333,0.05233476330273609,5.343963867609299e-16
delayed_cue_with_distractors,osc_r090_m16,oscillatory,32,32,0.5358333333333334,0.03433683820292516,8.866371452729632e-16
delayed_cue_with_distractors,osc_r090_m16,oscillatory,32,36,0.5091666666666667,0.022528399544939195,2.1629407627719217e-16
delayed_cue_with_distractors,osc_r090_m16,oscillatory,32,40,0.4975,0.01478088294143461,-6.9088736138843e-16
delayed_cue_with_distractors,osc_r090_m16,oscillatory,32,44,0.5075,0.009697737297875245,6.484731058651133e-17
delayed_cue_with_distractors,osc_r090_m16,oscillatory,32,48,0.5266666666666666,0.00636268544113595,-1.1298301429250207e-16
delayed_cue_with_distractors,osc_r090_m16,oscillatory,32,52,0.5716666666666667,0.004174557917929297,1.749773450301468e-16
delayed_cue_with_distractors,osc_r090_m16,oscillatory,32,56,0.5183333333333333,0.002738927449953412,-1.2702575028170178e-16
delayed_cue_with_distractors,osc_r090_m16,oscillatory,32,60,0.47833333333333333,0.001797010299914434,5.440686808221412e-16
delayed_cue_with_distractors,osc_r090_m16,oscillatory,32,64,0.495,0.0011790184577738603,-1.060318418260343e-16
delayed_cue_with_distractors,osc_r090_m16,oscillatory,32,68,0.4691666666666667,0.0007735540101454296,1.3324503750416555e-15
delayed_cue_with_distractors,osc_r090_m16,oscillatory,32,72,0.5141666666666667,0.0005075287860564165,-1.7918975949118617e-16
delayed_cue_with_distractors,osc_r090_m16,oscillatory,32,76,0.5025,0.0003329896365316149,1.1010962145718337e-15
delayed_cue_with_distractors,osc_r090_m16,oscillatory,32,80,0.49583333333333335,0.00021847450052839255,-5.5369384917135e-16
delayed_cue_with_distractors,osc_r090_m16,oscillatory,32,84,0.48083333333333333,0.00014334111979667834,2.083382995790153e-16
delayed_cue_with_distractors,osc_r090_m16,oscillatory,32,88,0.5091666666666667,9.404610869860069e-05,-2.2094821775458703e-16
delayed_cue_with_distractors,osc_r090_m16,oscillatory,32,92,0.49916666666666665,6.170365191715192e-05,-2.0011629123861125e-16
delayed_cue_with_distractors,osc_r090_m16,oscillatory,32,96,0.4975,4.048376602284338e-05,7.816655502813039e-17
delayed_cue_with_distractors,osc_r099_m48,oscillatory,96,4,1.0,0.9605960100000002,4.024760200798911e-17
delayed_cue_with_distractors,osc_r099_m48,oscillatory,96,8,1.0,0.9227446944279203,8.39569365239768e-17
delayed_cue_with_distractors,osc_r099_m48,oscillatory,96,12,1.0,0.8863848717161291,-2.661274973914272e-16
delayed_cue_with_distractors,osc_r099_m48,oscillatory,96,16,1.0,0.8514577710948755,1.0659865795209581e-16
delayed_cue_with_distractors,osc_r099_m48,oscillatory,96,20,1.0,0.8179069375972305,-1.4889690142310106e-16
delayed_cue_with_distractors,osc_r099_m48,oscillatory,96,24,1.0,0.7856781408072184,7.511728349018818e-17
delayed_cue_with_distractors,osc_r099_m48,oscillatory,96,28,1.0,0.7547192872036326,4.884381385910376e-16
delayed_cue_with_distractors,osc_r099_m48,oscillatory,96,32,1.0,0.7249803359578534,-2.9407323941071116e-17
delayed_cue_with_distractors,osc_r099_m48,oscillatory,96,36,1.0,0.6964132180495736,3.5056344978751967e-16
delayed_cue_with_distractors,osc_r099_m48,oscillatory,96,40,1.0,0.6689717585696803,-3.7607629383912823e-16
delayed_cue_with_distractors,osc_r099_m48,oscillatory,96,44,1.0,0.6426116020847181,7.860137258343583e-16
delayed_cue_with_distractors,osc_r099_m48,oscillatory,96,48,1.0,0.6172901409422882,4.506991811825838e-18
delayed_cue_with_distractors,osc_r099_m48,oscillatory,96,52,1.0,0.5929664464014993,7.790510184747267e-16
delayed_cue_with_distractors,osc_r099_m48,oscillatory,96,56,1.0,0.5696012024771592,8.363359058345296e-16
delayed_cue_with_distractors,osc_r099_m48,oscillatory,96,60,1.0,0.5471566423907611,3.757365113547526e-16
delayed_cue_with_distractors,osc_r099_m48,oscillatory,96,64,1.0,0.5255964875255619,4.444946967006861e-16
delayed_cue_with_distractors,osc_r099_m48,oscillatory,96,68,1.0,0.5048858887870697,-3.7054561194095817e-17
delayed_cue_with_distractors,osc_r099_m48,oscillatory,96,72,1.0,0.4849913702741629,7.045709642750566e-16
delayed_cue_with_distractors,osc_r099_m48,oscillatory,96,76,1.0,0.46588077516979337,6.191561881218361e-16
delayed_cue_with_distractors,osc_r099_m48,oscillatory,96,80,1.0,0.4475232137638105,-5.455846087888341e-16
delayed_cue_with_distractors,osc_r099_m48,oscillatory,96,84,1.0,0.42988901352389347,1.3980054538048144e-15
delayed_cue_with_distractors,osc_r099_m48,oscillatory,96,88,1.0,0.41294967113388814,2.5684114704189183e-15
delayed_cue_with_distractors,osc_r099_m48,oscillatory,96,92,1.0,0.3966778064220252,6.319971000023463e-16
delayed_cue_with_distractors,osc_r099_m48,oscillatory,96,96,0.9175,0.3810471181045497,2.2154389567001153e-15
delayed_cue_with_distractors,threshold_osc_r099_m48,thresholded_oscillatory,96,4,1.0,0.9340557388672185,3.191149865525329e-17
delayed_cue_with_distractors,threshold_osc_r099_m48,thresholded_oscillatory,96,8,1.0,0.9019053169462208,1.5303052406221727e-16
delayed_cue_with_distractors,threshold_osc_r099_m48,thresholded_oscillatory,96,12,1.0,0.8189128409061742,-1.6542702088692219e-16
delayed_cue_with_distractors,threshold_osc_r099_m48,thresholded_oscillatory,96,16,1.0,0.777271046652889,1.489806205427012e-16
delayed_cue_with_distractors,threshold_osc_r099_m48,thresholded_oscillatory,96,20,1.0,0.7415377573023482,3.914051765247775e-16
delayed_cue_with_distractors,threshold_osc_r099_m48,thresholded_oscillatory,96,24,1.0,0.7856781408072184,1.795848644345909e-15
delayed_cue_with_distractors,threshold_osc_r099_m48,thresholded_oscillatory,96,28,1.0,0.6842500312687212,-6.150020679067878e-16
delayed_cue_with_distractors,threshold_osc_r099_m48,thresholded_oscillatory,96,32,1.0,0.6618134729196504,-1.3831562734741423e-16
delayed_cue_with_distractors,threshold_osc_r099_m48,thresholded_oscillatory,96,36,1.0,0.6434019183263211,-7.205462050413126e-17
delayed_cue_with_distractors,threshold_osc_r099_m48,thresholded_oscillatory,96,40,1.0,0.5276013917300715,-3.861098711270085e-16
delayed_cue_with_distractors,threshold_osc_r099_m48,thresholded_oscillatory,96,44,1.0,0.5027884921981121,-2.1111310758900138e-16
delayed_cue_with_distractors,threshold_osc_r099_m48,thresholded_oscillatory,96,48,1.0,0.6172901409422882,-2.1379819128839825e-16
delayed_cue_with_distractors,threshold_osc_r099_m48,thresholded_oscillatory,96,52,1.0,0.33942049140984976,1.236093440296237e-17
delayed_cue_with_distractors,threshold_osc_r099_m48,thresholded_oscillatory,96,56,0.5141666666666667,0.0,nan
delayed_cue_with_distractors,threshold_osc_r099_m48,thresholded_oscillatory,96,60,0.5091666666666667,0.0,nan
delayed_cue_with_distractors,threshold_osc_r099_m48,thresholded_oscillatory,96,64,0.49833333333333335,0.0,nan
delayed_cue_with_distractors,threshold_osc_r099_m48,thresholded_oscillatory,96,68,0.48833333333333334,0.0,nan
delayed_cue_with_distractors,threshold_osc_r099_m48,thresholded_oscillatory,96,72,0.4683333333333333,0.0,nan
delayed_cue_with_distractors,threshold_osc_r099_m48,thresholded_oscillatory,96,76,0.5316666666666666,0.0,nan
delayed_cue_with_distractors,threshold_osc_r099_m48,thresholded_oscillatory,96,80,0.5066666666666667,0.0,nan
delayed_cue_with_distractors,threshold_osc_r099_m48,thresholded_oscillatory,96,84,0.5108333333333334,0.0,nan
delayed_cue_with_distractors,threshold_osc_r099_m48,thresholded_oscillatory,96,88,0.4691666666666667,0.0,nan
delayed_cue_with_distractors,threshold_osc_r099_m48,thresholded_oscillatory,96,92,0.5058333333333334,0.0,nan
delayed_cue_with_distractors,threshold_osc_r099_m48,thresholded_oscillatory,96,96,0.4975,0.0,nan
delayed_cue_with_distractors,matched_phase_osc_T16,matched_phase_oscillatory,2,4,0.9891666666666666,1.0,0.9238795325112867
delayed_cue_with_distractors,matched_phase_osc_T16,matched_phase_oscillatory,2,8,0.9283333333333333,1.0,0.9238795325112867
delayed_cue_with_distractors,matched_phase_osc_T16,matched_phase_oscillatory,2,12,0.8791666666666667,1.0,0.9238795325112866
delayed_cue_with_distractors,matched_phase_osc_T16,matched_phase_oscillatory,2,16,0.8241666666666667,1.0,0.9238795325112866
delayed_cue_with_distractors,matched_phase_osc_T16,matched_phase_oscillatory,2,20,0.8291666666666667,1.0,0.9238795325112866
delayed_cue_with_distractors,matched_phase_osc_T16,matched_phase_oscillatory,2,24,0.805,1.0,0.9238795325112866
delayed_cue_with_distractors,matched_phase_osc_T16,matched_phase_oscillatory,2,28,0.785,1.0,0.9238795325112866
delayed_cue_with_distractors,matched_phase_osc_T16,matched_phase_oscillatory,2,32,0.76,1.0,0.9238795325112866
delayed_cue_with_distractors,matched_phase_osc_T16,matched_phase_oscillatory,2,36,0.7158333333333333,1.0,0.9238795325112866
delayed_cue_with_distractors,matched_phase_osc_T16,matched_phase_oscillatory,2,40,0.7266666666666667,1.0,0.9238795325112866
delayed_cue_with_distractors,matched_phase_osc_T16,matched_phase_oscillatory,2,44,0.7141666666666666,1.0,0.9238795325112872
delayed_cue_with_distractors,matched_phase_osc_T16,matched_phase_oscillatory,2,48,0.7183333333333334,1.0,0.9238795325112873
delayed_cue_with_distractors,matched_phase_osc_T16,matched_phase_oscillatory,2,52,0.71,1.0,0.923879532511286
delayed_cue_with_distractors,matched_phase_osc_T16,matched_phase_oscillatory,2,56,0.6991666666666667,1.0,0.9238795325112873
delayed_cue_with_distractors,matched_phase_osc_T16,matched_phase_oscillatory,2,60,0.6991666666666667,1.0,0.9238795325112873
delayed_cue_with_distractors,matched_phase_osc_T16,matched_phase_oscillatory,2,64,0.6941666666666667,1.0,0.9238795325112872
delayed_cue_with_distractors,matched_phase_osc_T16,matched_phase_oscillatory,2,68,0.6866666666666666,1.0,0.9238795325112859
delayed_cue_with_distractors,matched_phase_osc_T16,matched_phase_oscillatory,2,72,0.6916666666666667,1.0,0.9238795325112873
delayed_cue_with_distractors,matched_phase_osc_T16,matched_phase_oscillatory,2,76,0.65,1.0,0.9238795325112873
delayed_cue_with_distractors,matched_phase_osc_T16,matched_phase_oscillatory,2,80,0.6675,1.0,0.9238795325112873
delayed_cue_with_distractors,matched_phase_osc_T16,matched_phase_oscillatory,2,84,0.6541666666666667,1.0,0.9238795325112873
delayed_cue_with_distractors,matched_phase_osc_T16,matched_phase_oscillatory,2,88,0.6791666666666667,1.0,0.9238795325112873
delayed_cue_with_distractors,matched_phase_osc_T16,matched_phase_oscillatory,2,92,0.6466666666666666,1.0,0.9238795325112873
delayed_cue_with_distractors,matched_phase_osc_T16,matched_phase_oscillatory,2,96,0.6375,1.0,0.9238795325112873
